"Page","Order","File","Alt","Url"
"education","1","image","iHealth Plans: Medicare and Nutrition Counseling","/_next/image?url=https%3A%2F%2Fcdn.sanity.io%2Fimages%2F41pq407l%2Fproduction%2F81c3dc57734f1f8468029351b53eb7d7d0788b06-1792x1024.webp&amp;w=3840&amp;q=75"
"education","2","image","iHealth Plans: Understanding Medicare Coordination of Benefits","/_next/image?url=https%3A%2F%2Fcdn.sanity.io%2Fimages%2F41pq407l%2Fproduction%2F9319ab6f9776d10c9ffe077b590a607a044fbbc6-1792x1024.webp&amp;w=3840&amp;q=75"
"education","3","image","iHealth Plans: Medicare and Diabetes Management","/_next/image?url=https%3A%2F%2Fcdn.sanity.io%2Fimages%2F41pq407l%2Fproduction%2Fa91cd582bf175ff137de82ac9326a888199b51c9-1792x1024.webp&amp;w=3840&amp;q=75"
"education","4","image","iHealth Plans: Medicare and Fitness Benefits","/_next/image?url=https%3A%2F%2Fcdn.sanity.io%2Fimages%2F41pq407l%2Fproduction%2F6b15ec85dcd3e746bcc44e885083e15b87cc862b-1792x1024.webp&amp;w=3840&amp;q=75"
"education","5","image","iHealth Plans: Medicare and Home Health Care","/_next/image?url=https%3A%2F%2Fcdn.sanity.io%2Fimages%2F41pq407l%2Fproduction%2F7da75f2b6fabb777c263741bbd7686744488e6f6-1792x1024.webp&amp;w=3840&amp;q=75"
"education","6","image","iHealth Plans: Medicare and Preventive Screenings","/_next/image?url=https%3A%2F%2Fcdn.sanity.io%2Fimages%2F41pq407l%2Fproduction%2Fc1145032c4f37dc4d7e19dc21d09eef157a81a1f-1792x1024.webp&amp;w=3840&amp;q=75"
"education","7","image","iHealth Plans: Medicare and Hearing Coverage","/_next/image?url=https%3A%2F%2Fcdn.sanity.io%2Fimages%2F41pq407l%2Fproduction%2F869e602dc753264352812ea0b34bd1c9347f008c-1792x1024.webp&amp;w=3840&amp;q=75"
"education","8","image","Medicare and Vision Coverage","/_next/image?url=https%3A%2F%2Fcdn.sanity.io%2Fimages%2F41pq407l%2Fproduction%2Fdc0462cb0254f05d336c9dd89d54c547e9a2eee1-6720x4480.jpg&amp;w=3840&amp;q=75"
"education","9","image","Understanding Medicare Advantage PPO Plans","/_next/image?url=https%3A%2F%2Fcdn.sanity.io%2Fimages%2F41pq407l%2Fproduction%2F12c5977a3ae73717922131a47c715d579be9a15a-7422x5283.jpg&amp;w=3840&amp;q=75"
"education","10","image","Understanding Medicare Savings Programs","/_next/image?url=https%3A%2F%2Fcdn.sanity.io%2Fimages%2F41pq407l%2Fproduction%2Fcd406124e0cb170c23acb1b60b9576871472f236-5641x3753.jpg&amp;w=3840&amp;q=75"
"education_a-deep-dive-into-medigap-plans-unraveling-the-options-for-comprehensive-coverage","1","image","A Deep Dive into Medigap Plans: Unraveling the Options for Comprehensive Coverage","/_next/image?url=https%3A%2F%2Fcdn.sanity.io%2Fimages%2F41pq407l%2Fproduction%2F5fa1b9249156c719f89ac14e345cd2b9a6bcceee-4272x2856.jpg&amp;w=3840&amp;q=75"
"education_a-deep-dive-into-medigap-plans-unraveling-the-options-for-comprehensive-coverage","2","image","iHealth Plans","/_next/image?url=https%3A%2F%2Fcdn.sanity.io%2Fimages%2F41pq407l%2Fproduction%2F933440a30a9dfefb51a402c290db1c864229d0b4-263x265.png&amp;w=3840&amp;q=75"
"education_a-deep-dive-into-medigap-plans-unraveling-the-options-for-comprehensive-coverage","3","image","Medicare and Vision Coverage","/_next/image?url=https%3A%2F%2Fcdn.sanity.io%2Fimages%2F41pq407l%2Fproduction%2Fdc0462cb0254f05d336c9dd89d54c547e9a2eee1-6720x4480.jpg&amp;w=3840&amp;q=75"
"education_a-deep-dive-into-medigap-plans-unraveling-the-options-for-comprehensive-coverage","4","image","Aetna Medicare Plans and Benefits","/_next/image?url=https%3A%2F%2Fcdn.sanity.io%2Fimages%2F41pq407l%2Fproduction%2F1c7ff99109dffebf638fcb4821b252ec90692c48-4800x3200.jpg&amp;w=3840&amp;q=75"
"education_a-deep-dive-into-medigap-plans-unraveling-the-options-for-comprehensive-coverage","5","image"," Eligibility Criteria for Medicare Savings Programs","/_next/image?url=https%3A%2F%2Fcdn.sanity.io%2Fimages%2F41pq407l%2Fproduction%2Fa93de6b90953ff332b50a85f8120805a61dfbff5-6720x4480.jpg&amp;w=3840&amp;q=75"
"education_a-list-of-medicare-advantage-plans","1","image","A List of Medicare Advantage Plans","/_next/image?url=https%3A%2F%2Fcdn.sanity.io%2Fimages%2F41pq407l%2Fproduction%2Ffb0536750245a94e18ee71c8d10aa127fadc14b9-5611x3746.jpg&amp;w=3840&amp;q=75"
"education_a-list-of-medicare-advantage-plans","2","image","iHealth Plans","/_next/image?url=https%3A%2F%2Fcdn.sanity.io%2Fimages%2F41pq407l%2Fproduction%2F933440a30a9dfefb51a402c290db1c864229d0b4-263x265.png&amp;w=3840&amp;q=75"
"education_a-list-of-medicare-advantage-plans","3","image","Medicare and Vision Coverage","/_next/image?url=https%3A%2F%2Fcdn.sanity.io%2Fimages%2F41pq407l%2Fproduction%2Fdc0462cb0254f05d336c9dd89d54c547e9a2eee1-6720x4480.jpg&amp;w=3840&amp;q=75"
"education_a-list-of-medicare-advantage-plans","4","image","Aetna Medicare Plans and Benefits","/_next/image?url=https%3A%2F%2Fcdn.sanity.io%2Fimages%2F41pq407l%2Fproduction%2F1c7ff99109dffebf638fcb4821b252ec90692c48-4800x3200.jpg&amp;w=3840&amp;q=75"
"education_a-list-of-medicare-advantage-plans","5","image"," Eligibility Criteria for Medicare Savings Programs","/_next/image?url=https%3A%2F%2Fcdn.sanity.io%2Fimages%2F41pq407l%2Fproduction%2Fa93de6b90953ff332b50a85f8120805a61dfbff5-6720x4480.jpg&amp;w=3840&amp;q=75"
"education_adaptive-medication-management-navigating-formulary-adjustments-and-preferred-pharmacies","1","image"," Adaptive Medication Management: Navigating Formulary Adjustments and Preferred Pharmacies","/_next/image?url=https%3A%2F%2Fcdn.sanity.io%2Fimages%2F41pq407l%2Fproduction%2F071fa05849f9190b14bbf6e314b986ad6ccd395f-6000x4000.jpg&amp;w=3840&amp;q=75"
"education_adaptive-medication-management-navigating-formulary-adjustments-and-preferred-pharmacies","2","image","iHealth Plans","/_next/image?url=https%3A%2F%2Fcdn.sanity.io%2Fimages%2F41pq407l%2Fproduction%2F933440a30a9dfefb51a402c290db1c864229d0b4-263x265.png&amp;w=3840&amp;q=75"
"education_adaptive-medication-management-navigating-formulary-adjustments-and-preferred-pharmacies","3","image","Medicare and Vision Coverage","/_next/image?url=https%3A%2F%2Fcdn.sanity.io%2Fimages%2F41pq407l%2Fproduction%2Fdc0462cb0254f05d336c9dd89d54c547e9a2eee1-6720x4480.jpg&amp;w=3840&amp;q=75"
"education_adaptive-medication-management-navigating-formulary-adjustments-and-preferred-pharmacies","4","image","Aetna Medicare Plans and Benefits","/_next/image?url=https%3A%2F%2Fcdn.sanity.io%2Fimages%2F41pq407l%2Fproduction%2F1c7ff99109dffebf638fcb4821b252ec90692c48-4800x3200.jpg&amp;w=3840&amp;q=75"
"education_adaptive-medication-management-navigating-formulary-adjustments-and-preferred-pharmacies","5","image"," Eligibility Criteria for Medicare Savings Programs","/_next/image?url=https%3A%2F%2Fcdn.sanity.io%2Fimages%2F41pq407l%2Fproduction%2Fa93de6b90953ff332b50a85f8120805a61dfbff5-6720x4480.jpg&amp;w=3840&amp;q=75"
"education_advantages-of-united-health-medicare-advantage-plans","1","image","Advantages of United Health Medicare Advantage Plans","/_next/image?url=https%3A%2F%2Fcdn.sanity.io%2Fimages%2F41pq407l%2Fproduction%2Fcd406124e0cb170c23acb1b60b9576871472f236-5641x3753.jpg&amp;w=3840&amp;q=75"
"education_advantages-of-united-health-medicare-advantage-plans","2","image","iHealth Plans","/_next/image?url=https%3A%2F%2Fcdn.sanity.io%2Fimages%2F41pq407l%2Fproduction%2F933440a30a9dfefb51a402c290db1c864229d0b4-263x265.png&amp;w=3840&amp;q=75"
"education_advantages-of-united-health-medicare-advantage-plans","3","image","Medicare and Vision Coverage","/_next/image?url=https%3A%2F%2Fcdn.sanity.io%2Fimages%2F41pq407l%2Fproduction%2Fdc0462cb0254f05d336c9dd89d54c547e9a2eee1-6720x4480.jpg&amp;w=3840&amp;q=75"
"education_advantages-of-united-health-medicare-advantage-plans","4","image","Aetna Medicare Plans and Benefits","/_next/image?url=https%3A%2F%2Fcdn.sanity.io%2Fimages%2F41pq407l%2Fproduction%2F1c7ff99109dffebf638fcb4821b252ec90692c48-4800x3200.jpg&amp;w=3840&amp;q=75"
"education_advantages-of-united-health-medicare-advantage-plans","5","image"," Eligibility Criteria for Medicare Savings Programs","/_next/image?url=https%3A%2F%2Fcdn.sanity.io%2Fimages%2F41pq407l%2Fproduction%2Fa93de6b90953ff332b50a85f8120805a61dfbff5-6720x4480.jpg&amp;w=3840&amp;q=75"
"education_advantages-of-united-health-medicare-advantage","1","image","Advantages of United Health Medicare Advantage","/_next/image?url=https%3A%2F%2Fcdn.sanity.io%2Fimages%2F41pq407l%2Fproduction%2Fd8831e86752148e35c16ebe07db524565e86a66f-6000x3375.jpg&amp;w=3840&amp;q=75"
"education_advantages-of-united-health-medicare-advantage","2","image","iHealth Plans","/_next/image?url=https%3A%2F%2Fcdn.sanity.io%2Fimages%2F41pq407l%2Fproduction%2F933440a30a9dfefb51a402c290db1c864229d0b4-263x265.png&amp;w=3840&amp;q=75"
"education_advantages-of-united-health-medicare-advantage","3","image","Medicare and Vision Coverage","/_next/image?url=https%3A%2F%2Fcdn.sanity.io%2Fimages%2F41pq407l%2Fproduction%2Fdc0462cb0254f05d336c9dd89d54c547e9a2eee1-6720x4480.jpg&amp;w=3840&amp;q=75"
"education_advantages-of-united-health-medicare-advantage","4","image","Aetna Medicare Plans and Benefits","/_next/image?url=https%3A%2F%2Fcdn.sanity.io%2Fimages%2F41pq407l%2Fproduction%2F1c7ff99109dffebf638fcb4821b252ec90692c48-4800x3200.jpg&amp;w=3840&amp;q=75"
"education_advantages-of-united-health-medicare-advantage","5","image"," Eligibility Criteria for Medicare Savings Programs","/_next/image?url=https%3A%2F%2Fcdn.sanity.io%2Fimages%2F41pq407l%2Fproduction%2Fa93de6b90953ff332b50a85f8120805a61dfbff5-6720x4480.jpg&amp;w=3840&amp;q=75"
"education_aetna-advantage-plan-benefits","1","image","Aetna Advantage Plan Benefits","/_next/image?url=https%3A%2F%2Fcdn.sanity.io%2Fimages%2F41pq407l%2Fproduction%2Ffb0536750245a94e18ee71c8d10aa127fadc14b9-5611x3746.jpg&amp;w=3840&amp;q=75"
"education_aetna-advantage-plan-benefits","2","image","iHealth Plans","/_next/image?url=https%3A%2F%2Fcdn.sanity.io%2Fimages%2F41pq407l%2Fproduction%2F933440a30a9dfefb51a402c290db1c864229d0b4-263x265.png&amp;w=3840&amp;q=75"
"education_aetna-advantage-plan-benefits","3","image","Medicare and Vision Coverage","/_next/image?url=https%3A%2F%2Fcdn.sanity.io%2Fimages%2F41pq407l%2Fproduction%2Fdc0462cb0254f05d336c9dd89d54c547e9a2eee1-6720x4480.jpg&amp;w=3840&amp;q=75"
"education_aetna-advantage-plan-benefits","4","image","Aetna Medicare Plans and Benefits","/_next/image?url=https%3A%2F%2Fcdn.sanity.io%2Fimages%2F41pq407l%2Fproduction%2F1c7ff99109dffebf638fcb4821b252ec90692c48-4800x3200.jpg&amp;w=3840&amp;q=75"
"education_aetna-advantage-plan-benefits","5","image"," Eligibility Criteria for Medicare Savings Programs","/_next/image?url=https%3A%2F%2Fcdn.sanity.io%2Fimages%2F41pq407l%2Fproduction%2Fa93de6b90953ff332b50a85f8120805a61dfbff5-6720x4480.jpg&amp;w=3840&amp;q=75"
"education_aetna-and-medicare-a-strong-partnership","1","image","Aetna and Medicare: A Strong Partnership","/_next/image?url=https%3A%2F%2Fcdn.sanity.io%2Fimages%2F41pq407l%2Fproduction%2F26083d0eda1ed3e4da620c748e74b36cf1a2e314-4936x3296.jpg&amp;w=3840&amp;q=75"
"education_aetna-and-medicare-a-strong-partnership","2","image","iHealth Plans","/_next/image?url=https%3A%2F%2Fcdn.sanity.io%2Fimages%2F41pq407l%2Fproduction%2F933440a30a9dfefb51a402c290db1c864229d0b4-263x265.png&amp;w=3840&amp;q=75"
"education_aetna-and-medicare-a-strong-partnership","3","image","Medicare and Vision Coverage","/_next/image?url=https%3A%2F%2Fcdn.sanity.io%2Fimages%2F41pq407l%2Fproduction%2Fdc0462cb0254f05d336c9dd89d54c547e9a2eee1-6720x4480.jpg&amp;w=3840&amp;q=75"
"education_aetna-and-medicare-a-strong-partnership","4","image","Aetna Medicare Plans and Benefits","/_next/image?url=https%3A%2F%2Fcdn.sanity.io%2Fimages%2F41pq407l%2Fproduction%2F1c7ff99109dffebf638fcb4821b252ec90692c48-4800x3200.jpg&amp;w=3840&amp;q=75"
"education_aetna-and-medicare-a-strong-partnership","5","image"," Eligibility Criteria for Medicare Savings Programs","/_next/image?url=https%3A%2F%2Fcdn.sanity.io%2Fimages%2F41pq407l%2Fproduction%2Fa93de6b90953ff332b50a85f8120805a61dfbff5-6720x4480.jpg&amp;w=3840&amp;q=75"
"education_aetna-and-medicare-advantage-plans","1","image","Aetna and Medicare Advantage Plans","/_next/image?url=https%3A%2F%2Fcdn.sanity.io%2Fimages%2F41pq407l%2Fproduction%2Fce75aad1ac11160174c3ac56001caaec146c3e12-8660x5774.jpg&amp;w=3840&amp;q=75"
"education_aetna-and-medicare-advantage-plans","2","image","iHealth Plans","/_next/image?url=https%3A%2F%2Fcdn.sanity.io%2Fimages%2F41pq407l%2Fproduction%2F933440a30a9dfefb51a402c290db1c864229d0b4-263x265.png&amp;w=3840&amp;q=75"
"education_aetna-and-medicare-advantage-plans","3","image","Medicare and Vision Coverage","/_next/image?url=https%3A%2F%2Fcdn.sanity.io%2Fimages%2F41pq407l%2Fproduction%2Fdc0462cb0254f05d336c9dd89d54c547e9a2eee1-6720x4480.jpg&amp;w=3840&amp;q=75"
"education_aetna-and-medicare-advantage-plans","4","image","Aetna Medicare Plans and Benefits","/_next/image?url=https%3A%2F%2Fcdn.sanity.io%2Fimages%2F41pq407l%2Fproduction%2F1c7ff99109dffebf638fcb4821b252ec90692c48-4800x3200.jpg&amp;w=3840&amp;q=75"
"education_aetna-and-medicare-advantage-plans","5","image"," Eligibility Criteria for Medicare Savings Programs","/_next/image?url=https%3A%2F%2Fcdn.sanity.io%2Fimages%2F41pq407l%2Fproduction%2Fa93de6b90953ff332b50a85f8120805a61dfbff5-6720x4480.jpg&amp;w=3840&amp;q=75"
"education_aetna-medicare-advantage-plans-overview","1","image","Aetna Medicare Advantage Plans Overview","/_next/image?url=https%3A%2F%2Fcdn.sanity.io%2Fimages%2F41pq407l%2Fproduction%2Fdc0462cb0254f05d336c9dd89d54c547e9a2eee1-6720x4480.jpg&amp;w=3840&amp;q=75"
"education_aetna-medicare-advantage-plans-overview","2","image","iHealth Plans","/_next/image?url=https%3A%2F%2Fcdn.sanity.io%2Fimages%2F41pq407l%2Fproduction%2F933440a30a9dfefb51a402c290db1c864229d0b4-263x265.png&amp;w=3840&amp;q=75"
"education_aetna-medicare-advantage-plans-overview","3","image","Medicare and Vision Coverage","/_next/image?url=https%3A%2F%2Fcdn.sanity.io%2Fimages%2F41pq407l%2Fproduction%2Fdc0462cb0254f05d336c9dd89d54c547e9a2eee1-6720x4480.jpg&amp;w=3840&amp;q=75"
"education_aetna-medicare-advantage-plans-overview","4","image","Aetna Medicare Plans and Benefits","/_next/image?url=https%3A%2F%2Fcdn.sanity.io%2Fimages%2F41pq407l%2Fproduction%2F1c7ff99109dffebf638fcb4821b252ec90692c48-4800x3200.jpg&amp;w=3840&amp;q=75"
"education_aetna-medicare-advantage-plans-overview","5","image"," Eligibility Criteria for Medicare Savings Programs","/_next/image?url=https%3A%2F%2Fcdn.sanity.io%2Fimages%2F41pq407l%2Fproduction%2Fa93de6b90953ff332b50a85f8120805a61dfbff5-6720x4480.jpg&amp;w=3840&amp;q=75"
"education_aetna-medicare-advantage-plans","1","image","Aetna Medicare Advantage Plans","/_next/image?url=https%3A%2F%2Fcdn.sanity.io%2Fimages%2F41pq407l%2Fproduction%2Ff89ce3586a600d9d7a305d60346caea34c01f528-5552x2928.jpg&amp;w=3840&amp;q=75"
"education_aetna-medicare-advantage-plans","2","image","iHealth Plans","/_next/image?url=https%3A%2F%2Fcdn.sanity.io%2Fimages%2F41pq407l%2Fproduction%2F933440a30a9dfefb51a402c290db1c864229d0b4-263x265.png&amp;w=3840&amp;q=75"
"education_aetna-medicare-advantage-plans","3","image","Medicare and Vision Coverage","/_next/image?url=https%3A%2F%2Fcdn.sanity.io%2Fimages%2F41pq407l%2Fproduction%2Fdc0462cb0254f05d336c9dd89d54c547e9a2eee1-6720x4480.jpg&amp;w=3840&amp;q=75"
"education_aetna-medicare-advantage-plans","4","image","Aetna Medicare Plans and Benefits","/_next/image?url=https%3A%2F%2Fcdn.sanity.io%2Fimages%2F41pq407l%2Fproduction%2F1c7ff99109dffebf638fcb4821b252ec90692c48-4800x3200.jpg&amp;w=3840&amp;q=75"
"education_aetna-medicare-advantage-plans","5","image"," Eligibility Criteria for Medicare Savings Programs","/_next/image?url=https%3A%2F%2Fcdn.sanity.io%2Fimages%2F41pq407l%2Fproduction%2Fa93de6b90953ff332b50a85f8120805a61dfbff5-6720x4480.jpg&amp;w=3840&amp;q=75"
"education_aetna-medicare-options","1","image","Aetna Medicare Options","/_next/image?url=https%3A%2F%2Fcdn.sanity.io%2Fimages%2F41pq407l%2Fproduction%2F580f7589e2ee563295f43eaa433178291bb3d628-8192x5464.jpg&amp;w=3840&amp;q=75"
"education_aetna-medicare-options","2","image","iHealth Plans","/_next/image?url=https%3A%2F%2Fcdn.sanity.io%2Fimages%2F41pq407l%2Fproduction%2F933440a30a9dfefb51a402c290db1c864229d0b4-263x265.png&amp;w=3840&amp;q=75"
"education_aetna-medicare-options","3","image","Medicare and Vision Coverage","/_next/image?url=https%3A%2F%2Fcdn.sanity.io%2Fimages%2F41pq407l%2Fproduction%2Fdc0462cb0254f05d336c9dd89d54c547e9a2eee1-6720x4480.jpg&amp;w=3840&amp;q=75"
"education_aetna-medicare-options","4","image","Aetna Medicare Plans and Benefits","/_next/image?url=https%3A%2F%2Fcdn.sanity.io%2Fimages%2F41pq407l%2Fproduction%2F1c7ff99109dffebf638fcb4821b252ec90692c48-4800x3200.jpg&amp;w=3840&amp;q=75"
"education_aetna-medicare-options","5","image"," Eligibility Criteria for Medicare Savings Programs","/_next/image?url=https%3A%2F%2Fcdn.sanity.io%2Fimages%2F41pq407l%2Fproduction%2Fa93de6b90953ff332b50a85f8120805a61dfbff5-6720x4480.jpg&amp;w=3840&amp;q=75"
"education_aetna-medicare-plans-and-benefits","1","image","Aetna Medicare Plans and Benefits","/_next/image?url=https%3A%2F%2Fcdn.sanity.io%2Fimages%2F41pq407l%2Fproduction%2F1c7ff99109dffebf638fcb4821b252ec90692c48-4800x3200.jpg&amp;w=3840&amp;q=75"
"education_aetna-medicare-plans-and-benefits","2","image","iHealth Plans","/_next/image?url=https%3A%2F%2Fcdn.sanity.io%2Fimages%2F41pq407l%2Fproduction%2F933440a30a9dfefb51a402c290db1c864229d0b4-263x265.png&amp;w=3840&amp;q=75"
"education_aetna-medicare-plans-and-benefits","3","image","Medicare and Vision Coverage","/_next/image?url=https%3A%2F%2Fcdn.sanity.io%2Fimages%2F41pq407l%2Fproduction%2Fdc0462cb0254f05d336c9dd89d54c547e9a2eee1-6720x4480.jpg&amp;w=3840&amp;q=75"
"education_aetna-medicare-plans-and-benefits","4","image"," Eligibility Criteria for Medicare Savings Programs","/_next/image?url=https%3A%2F%2Fcdn.sanity.io%2Fimages%2F41pq407l%2Fproduction%2Fa93de6b90953ff332b50a85f8120805a61dfbff5-6720x4480.jpg&amp;w=3840&amp;q=75"
"education_aetna-medicare-plans-and-benefits","5","image","Legal Considerations in Long-Term Care Planning","/_next/image?url=https%3A%2F%2Fcdn.sanity.io%2Fimages%2F41pq407l%2Fproduction%2Fbc951f571121ef0bc80c9034b0821cc74a309a0a-3840x2160.jpg&amp;w=3840&amp;q=75"
"education_affordable-medication-access-strategies-for-maximizing-savings","1","image","Affordable Medication Access: Strategies for Maximizing Savings","/_next/image?url=https%3A%2F%2Fcdn.sanity.io%2Fimages%2F41pq407l%2Fproduction%2Fb63c155376bdae50da21cc6e74c5aca96e89050d-6000x4000.jpg&amp;w=3840&amp;q=75"
"education_affordable-medication-access-strategies-for-maximizing-savings","2","image","iHealth Plans","/_next/image?url=https%3A%2F%2Fcdn.sanity.io%2Fimages%2F41pq407l%2Fproduction%2F933440a30a9dfefb51a402c290db1c864229d0b4-263x265.png&amp;w=3840&amp;q=75"
"education_affordable-medication-access-strategies-for-maximizing-savings","3","image","Medicare and Vision Coverage","/_next/image?url=https%3A%2F%2Fcdn.sanity.io%2Fimages%2F41pq407l%2Fproduction%2Fdc0462cb0254f05d336c9dd89d54c547e9a2eee1-6720x4480.jpg&amp;w=3840&amp;q=75"
"education_affordable-medication-access-strategies-for-maximizing-savings","4","image","Aetna Medicare Plans and Benefits","/_next/image?url=https%3A%2F%2Fcdn.sanity.io%2Fimages%2F41pq407l%2Fproduction%2F1c7ff99109dffebf638fcb4821b252ec90692c48-4800x3200.jpg&amp;w=3840&amp;q=75"
"education_affordable-medication-access-strategies-for-maximizing-savings","5","image"," Eligibility Criteria for Medicare Savings Programs","/_next/image?url=https%3A%2F%2Fcdn.sanity.io%2Fimages%2F41pq407l%2Fproduction%2Fa93de6b90953ff332b50a85f8120805a61dfbff5-6720x4480.jpg&amp;w=3840&amp;q=75"
"education_anthem-bcbs-medicare-advantage-overview","1","image","Anthem BCBS Medicare Advantage Overview","/_next/image?url=https%3A%2F%2Fcdn.sanity.io%2Fimages%2F41pq407l%2Fproduction%2Fd8831e86752148e35c16ebe07db524565e86a66f-6000x3375.jpg&amp;w=3840&amp;q=75"
"education_anthem-bcbs-medicare-advantage-overview","2","image","iHealth Plans","/_next/image?url=https%3A%2F%2Fcdn.sanity.io%2Fimages%2F41pq407l%2Fproduction%2F933440a30a9dfefb51a402c290db1c864229d0b4-263x265.png&amp;w=3840&amp;q=75"
"education_anthem-bcbs-medicare-advantage-overview","3","image","Medicare and Vision Coverage","/_next/image?url=https%3A%2F%2Fcdn.sanity.io%2Fimages%2F41pq407l%2Fproduction%2Fdc0462cb0254f05d336c9dd89d54c547e9a2eee1-6720x4480.jpg&amp;w=3840&amp;q=75"
"education_anthem-bcbs-medicare-advantage-overview","4","image","Aetna Medicare Plans and Benefits","/_next/image?url=https%3A%2F%2Fcdn.sanity.io%2Fimages%2F41pq407l%2Fproduction%2F1c7ff99109dffebf638fcb4821b252ec90692c48-4800x3200.jpg&amp;w=3840&amp;q=75"
"education_anthem-bcbs-medicare-advantage-overview","5","image"," Eligibility Criteria for Medicare Savings Programs","/_next/image?url=https%3A%2F%2Fcdn.sanity.io%2Fimages%2F41pq407l%2Fproduction%2Fa93de6b90953ff332b50a85f8120805a61dfbff5-6720x4480.jpg&amp;w=3840&amp;q=75"
"education_anthem-bcbs-medicare-advantage-plans","1","image","Anthem BCBS Medicare Advantage Plans","/_next/image?url=https%3A%2F%2Fcdn.sanity.io%2Fimages%2F41pq407l%2Fproduction%2F54ad991604e6b788fdf37496208d64c49045da92-6720x4480.jpg&amp;w=3840&amp;q=75"
"education_anthem-bcbs-medicare-advantage-plans","2","image","iHealth Plans","/_next/image?url=https%3A%2F%2Fcdn.sanity.io%2Fimages%2F41pq407l%2Fproduction%2F933440a30a9dfefb51a402c290db1c864229d0b4-263x265.png&amp;w=3840&amp;q=75"
"education_anthem-bcbs-medicare-advantage-plans","3","image","Medicare and Vision Coverage","/_next/image?url=https%3A%2F%2Fcdn.sanity.io%2Fimages%2F41pq407l%2Fproduction%2Fdc0462cb0254f05d336c9dd89d54c547e9a2eee1-6720x4480.jpg&amp;w=3840&amp;q=75"
"education_anthem-bcbs-medicare-advantage-plans","4","image","Aetna Medicare Plans and Benefits","/_next/image?url=https%3A%2F%2Fcdn.sanity.io%2Fimages%2F41pq407l%2Fproduction%2F1c7ff99109dffebf638fcb4821b252ec90692c48-4800x3200.jpg&amp;w=3840&amp;q=75"
"education_anthem-bcbs-medicare-advantage-plans","5","image"," Eligibility Criteria for Medicare Savings Programs","/_next/image?url=https%3A%2F%2Fcdn.sanity.io%2Fimages%2F41pq407l%2Fproduction%2Fa93de6b90953ff332b50a85f8120805a61dfbff5-6720x4480.jpg&amp;w=3840&amp;q=75"
"education_anthem-blue-cross-blue-shield-advantage-plans","1","image","Anthem Blue Cross Blue Shield Advantage Plans","/_next/image?url=https%3A%2F%2Fcdn.sanity.io%2Fimages%2F41pq407l%2Fproduction%2F1c7ff99109dffebf638fcb4821b252ec90692c48-4800x3200.jpg&amp;w=3840&amp;q=75"
"education_anthem-blue-cross-blue-shield-advantage-plans","2","image","iHealth Plans","/_next/image?url=https%3A%2F%2Fcdn.sanity.io%2Fimages%2F41pq407l%2Fproduction%2F933440a30a9dfefb51a402c290db1c864229d0b4-263x265.png&amp;w=3840&amp;q=75"
"education_anthem-blue-cross-blue-shield-advantage-plans","3","image","Medicare and Vision Coverage","/_next/image?url=https%3A%2F%2Fcdn.sanity.io%2Fimages%2F41pq407l%2Fproduction%2Fdc0462cb0254f05d336c9dd89d54c547e9a2eee1-6720x4480.jpg&amp;w=3840&amp;q=75"
"education_anthem-blue-cross-blue-shield-advantage-plans","4","image","Aetna Medicare Plans and Benefits","/_next/image?url=https%3A%2F%2Fcdn.sanity.io%2Fimages%2F41pq407l%2Fproduction%2F1c7ff99109dffebf638fcb4821b252ec90692c48-4800x3200.jpg&amp;w=3840&amp;q=75"
"education_anthem-blue-cross-blue-shield-advantage-plans","5","image"," Eligibility Criteria for Medicare Savings Programs","/_next/image?url=https%3A%2F%2Fcdn.sanity.io%2Fimages%2F41pq407l%2Fproduction%2Fa93de6b90953ff332b50a85f8120805a61dfbff5-6720x4480.jpg&amp;w=3840&amp;q=75"
"education_anthem-blue-cross-blue-shield-medicare-advantage-plans","1","image","Anthem Blue Cross Blue Shield Medicare Advantage Plans","/_next/image?url=https%3A%2F%2Fcdn.sanity.io%2Fimages%2F41pq407l%2Fproduction%2F580f7589e2ee563295f43eaa433178291bb3d628-8192x5464.jpg&amp;w=3840&amp;q=75"
"education_anthem-blue-cross-blue-shield-medicare-advantage-plans","2","image","iHealth Plans","/_next/image?url=https%3A%2F%2Fcdn.sanity.io%2Fimages%2F41pq407l%2Fproduction%2F933440a30a9dfefb51a402c290db1c864229d0b4-263x265.png&amp;w=3840&amp;q=75"
"education_anthem-blue-cross-blue-shield-medicare-advantage-plans","3","image","Medicare and Vision Coverage","/_next/image?url=https%3A%2F%2Fcdn.sanity.io%2Fimages%2F41pq407l%2Fproduction%2Fdc0462cb0254f05d336c9dd89d54c547e9a2eee1-6720x4480.jpg&amp;w=3840&amp;q=75"
"education_anthem-blue-cross-blue-shield-medicare-advantage-plans","4","image","Aetna Medicare Plans and Benefits","/_next/image?url=https%3A%2F%2Fcdn.sanity.io%2Fimages%2F41pq407l%2Fproduction%2F1c7ff99109dffebf638fcb4821b252ec90692c48-4800x3200.jpg&amp;w=3840&amp;q=75"
"education_anthem-blue-cross-blue-shield-medicare-advantage-plans","5","image"," Eligibility Criteria for Medicare Savings Programs","/_next/image?url=https%3A%2F%2Fcdn.sanity.io%2Fimages%2F41pq407l%2Fproduction%2Fa93de6b90953ff332b50a85f8120805a61dfbff5-6720x4480.jpg&amp;w=3840&amp;q=75"
"education_anthem-blue-cross-medicare-advantage-details","1","image","Anthem Blue Cross Medicare Advantage Details","/_next/image?url=https%3A%2F%2Fcdn.sanity.io%2Fimages%2F41pq407l%2Fproduction%2F1dc58375d4bb401c2a8106805a82a16e974fd389-5358x3572.jpg&amp;w=3840&amp;q=75"
"education_anthem-blue-cross-medicare-advantage-details","2","image","iHealth Plans","/_next/image?url=https%3A%2F%2Fcdn.sanity.io%2Fimages%2F41pq407l%2Fproduction%2F933440a30a9dfefb51a402c290db1c864229d0b4-263x265.png&amp;w=3840&amp;q=75"
"education_anthem-blue-cross-medicare-advantage-details","3","image","Medicare and Vision Coverage","/_next/image?url=https%3A%2F%2Fcdn.sanity.io%2Fimages%2F41pq407l%2Fproduction%2Fdc0462cb0254f05d336c9dd89d54c547e9a2eee1-6720x4480.jpg&amp;w=3840&amp;q=75"
"education_anthem-blue-cross-medicare-advantage-details","4","image","Aetna Medicare Plans and Benefits","/_next/image?url=https%3A%2F%2Fcdn.sanity.io%2Fimages%2F41pq407l%2Fproduction%2F1c7ff99109dffebf638fcb4821b252ec90692c48-4800x3200.jpg&amp;w=3840&amp;q=75"
"education_anthem-blue-cross-medicare-advantage-details","5","image"," Eligibility Criteria for Medicare Savings Programs","/_next/image?url=https%3A%2F%2Fcdn.sanity.io%2Fimages%2F41pq407l%2Fproduction%2Fa93de6b90953ff332b50a85f8120805a61dfbff5-6720x4480.jpg&amp;w=3840&amp;q=75"
"education_anthem-blue-cross-medicare-advantage","1","image","Anthem Blue Cross Medicare Advantage","/_next/image?url=https%3A%2F%2Fcdn.sanity.io%2Fimages%2F41pq407l%2Fproduction%2Fdc0462cb0254f05d336c9dd89d54c547e9a2eee1-6720x4480.jpg&amp;w=3840&amp;q=75"
"education_anthem-blue-cross-medicare-advantage","2","image","iHealth Plans","/_next/image?url=https%3A%2F%2Fcdn.sanity.io%2Fimages%2F41pq407l%2Fproduction%2F933440a30a9dfefb51a402c290db1c864229d0b4-263x265.png&amp;w=3840&amp;q=75"
"education_anthem-blue-cross-medicare-advantage","3","image","Medicare and Vision Coverage","/_next/image?url=https%3A%2F%2Fcdn.sanity.io%2Fimages%2F41pq407l%2Fproduction%2Fdc0462cb0254f05d336c9dd89d54c547e9a2eee1-6720x4480.jpg&amp;w=3840&amp;q=75"
"education_anthem-blue-cross-medicare-advantage","4","image","Aetna Medicare Plans and Benefits","/_next/image?url=https%3A%2F%2Fcdn.sanity.io%2Fimages%2F41pq407l%2Fproduction%2F1c7ff99109dffebf638fcb4821b252ec90692c48-4800x3200.jpg&amp;w=3840&amp;q=75"
"education_anthem-blue-cross-medicare-advantage","5","image"," Eligibility Criteria for Medicare Savings Programs","/_next/image?url=https%3A%2F%2Fcdn.sanity.io%2Fimages%2F41pq407l%2Fproduction%2Fa93de6b90953ff332b50a85f8120805a61dfbff5-6720x4480.jpg&amp;w=3840&amp;q=75"
"education_anthem-medicare-advantage-plans","1","image","Anthem Medicare Advantage Plans","/_next/image?url=https%3A%2F%2Fcdn.sanity.io%2Fimages%2F41pq407l%2Fproduction%2F1dc58375d4bb401c2a8106805a82a16e974fd389-5358x3572.jpg&amp;w=3840&amp;q=75"
"education_anthem-medicare-advantage-plans","2","image","iHealth Plans","/_next/image?url=https%3A%2F%2Fcdn.sanity.io%2Fimages%2F41pq407l%2Fproduction%2F933440a30a9dfefb51a402c290db1c864229d0b4-263x265.png&amp;w=3840&amp;q=75"
"education_anthem-medicare-advantage-plans","3","image","Medicare and Vision Coverage","/_next/image?url=https%3A%2F%2Fcdn.sanity.io%2Fimages%2F41pq407l%2Fproduction%2Fdc0462cb0254f05d336c9dd89d54c547e9a2eee1-6720x4480.jpg&amp;w=3840&amp;q=75"
"education_anthem-medicare-advantage-plans","4","image","Aetna Medicare Plans and Benefits","/_next/image?url=https%3A%2F%2Fcdn.sanity.io%2Fimages%2F41pq407l%2Fproduction%2F1c7ff99109dffebf638fcb4821b252ec90692c48-4800x3200.jpg&amp;w=3840&amp;q=75"
"education_anthem-medicare-advantage-plans","5","image"," Eligibility Criteria for Medicare Savings Programs","/_next/image?url=https%3A%2F%2Fcdn.sanity.io%2Fimages%2F41pq407l%2Fproduction%2Fa93de6b90953ff332b50a85f8120805a61dfbff5-6720x4480.jpg&amp;w=3840&amp;q=75"
"education_applying-for-medicare-savings-programs-a-step-by-step-guide","1","image","Applying for Medicare Savings Programs: A Step-by-Step Guide","/_next/image?url=https%3A%2F%2Fcdn.sanity.io%2Fimages%2F41pq407l%2Fproduction%2F2fdad5ec89cd0238044dce8b7481882a6098cf8b-6240x4160.jpg&amp;w=3840&amp;q=75"
"education_applying-for-medicare-savings-programs-a-step-by-step-guide","2","image","iHealth Plans","/_next/image?url=https%3A%2F%2Fcdn.sanity.io%2Fimages%2F41pq407l%2Fproduction%2F933440a30a9dfefb51a402c290db1c864229d0b4-263x265.png&amp;w=3840&amp;q=75"
"education_applying-for-medicare-savings-programs-a-step-by-step-guide","3","image","Medicare and Vision Coverage","/_next/image?url=https%3A%2F%2Fcdn.sanity.io%2Fimages%2F41pq407l%2Fproduction%2Fdc0462cb0254f05d336c9dd89d54c547e9a2eee1-6720x4480.jpg&amp;w=3840&amp;q=75"
"education_applying-for-medicare-savings-programs-a-step-by-step-guide","4","image","Aetna Medicare Plans and Benefits","/_next/image?url=https%3A%2F%2Fcdn.sanity.io%2Fimages%2F41pq407l%2Fproduction%2F1c7ff99109dffebf638fcb4821b252ec90692c48-4800x3200.jpg&amp;w=3840&amp;q=75"
"education_applying-for-medicare-savings-programs-a-step-by-step-guide","5","image"," Eligibility Criteria for Medicare Savings Programs","/_next/image?url=https%3A%2F%2Fcdn.sanity.io%2Fimages%2F41pq407l%2Fproduction%2Fa93de6b90953ff332b50a85f8120805a61dfbff5-6720x4480.jpg&amp;w=3840&amp;q=75"
"education_assessing-costs-and-benefits-financial-considerations-of-medicare-advantage","1","image","Assessing Costs and Benefits: Financial Considerations of Medicare Advantage","/_next/image?url=https%3A%2F%2Fcdn.sanity.io%2Fimages%2F41pq407l%2Fproduction%2F67b0d8a1c89d9b32837845f3d50a7a0896f811af-5398x3598.jpg&amp;w=3840&amp;q=75"
"education_assessing-costs-and-benefits-financial-considerations-of-medicare-advantage","2","image","iHealth Plans","/_next/image?url=https%3A%2F%2Fcdn.sanity.io%2Fimages%2F41pq407l%2Fproduction%2F933440a30a9dfefb51a402c290db1c864229d0b4-263x265.png&amp;w=3840&amp;q=75"
"education_assessing-costs-and-benefits-financial-considerations-of-medicare-advantage","3","image","Medicare and Vision Coverage","/_next/image?url=https%3A%2F%2Fcdn.sanity.io%2Fimages%2F41pq407l%2Fproduction%2Fdc0462cb0254f05d336c9dd89d54c547e9a2eee1-6720x4480.jpg&amp;w=3840&amp;q=75"
"education_assessing-costs-and-benefits-financial-considerations-of-medicare-advantage","4","image","Aetna Medicare Plans and Benefits","/_next/image?url=https%3A%2F%2Fcdn.sanity.io%2Fimages%2F41pq407l%2Fproduction%2F1c7ff99109dffebf638fcb4821b252ec90692c48-4800x3200.jpg&amp;w=3840&amp;q=75"
"education_assessing-costs-and-benefits-financial-considerations-of-medicare-advantage","5","image"," Eligibility Criteria for Medicare Savings Programs","/_next/image?url=https%3A%2F%2Fcdn.sanity.io%2Fimages%2F41pq407l%2Fproduction%2Fa93de6b90953ff332b50a85f8120805a61dfbff5-6720x4480.jpg&amp;w=3840&amp;q=75"
"education_benefits-of-aetna-advantage-plans","1","image","Benefits of Aetna Advantage Plans","/_next/image?url=https%3A%2F%2Fcdn.sanity.io%2Fimages%2F41pq407l%2Fproduction%2Fce75aad1ac11160174c3ac56001caaec146c3e12-8660x5774.jpg&amp;w=3840&amp;q=75"
"education_benefits-of-aetna-advantage-plans","2","image","iHealth Plans","/_next/image?url=https%3A%2F%2Fcdn.sanity.io%2Fimages%2F41pq407l%2Fproduction%2F933440a30a9dfefb51a402c290db1c864229d0b4-263x265.png&amp;w=3840&amp;q=75"
"education_benefits-of-aetna-advantage-plans","3","image","Medicare and Vision Coverage","/_next/image?url=https%3A%2F%2Fcdn.sanity.io%2Fimages%2F41pq407l%2Fproduction%2Fdc0462cb0254f05d336c9dd89d54c547e9a2eee1-6720x4480.jpg&amp;w=3840&amp;q=75"
"education_benefits-of-aetna-advantage-plans","4","image","Aetna Medicare Plans and Benefits","/_next/image?url=https%3A%2F%2Fcdn.sanity.io%2Fimages%2F41pq407l%2Fproduction%2F1c7ff99109dffebf638fcb4821b252ec90692c48-4800x3200.jpg&amp;w=3840&amp;q=75"
"education_benefits-of-aetna-advantage-plans","5","image"," Eligibility Criteria for Medicare Savings Programs","/_next/image?url=https%3A%2F%2Fcdn.sanity.io%2Fimages%2F41pq407l%2Fproduction%2Fa93de6b90953ff332b50a85f8120805a61dfbff5-6720x4480.jpg&amp;w=3840&amp;q=75"
"education_benefits-of-medicare-part-c","1","image","Benefits of Medicare Part C","/_next/image?url=https%3A%2F%2Fcdn.sanity.io%2Fimages%2F41pq407l%2Fproduction%2Ff89ce3586a600d9d7a305d60346caea34c01f528-5552x2928.jpg&amp;w=3840&amp;q=75"
"education_benefits-of-medicare-part-c","2","image","iHealth Plans","/_next/image?url=https%3A%2F%2Fcdn.sanity.io%2Fimages%2F41pq407l%2Fproduction%2F933440a30a9dfefb51a402c290db1c864229d0b4-263x265.png&amp;w=3840&amp;q=75"
"education_benefits-of-medicare-part-c","3","image","Medicare and Vision Coverage","/_next/image?url=https%3A%2F%2Fcdn.sanity.io%2Fimages%2F41pq407l%2Fproduction%2Fdc0462cb0254f05d336c9dd89d54c547e9a2eee1-6720x4480.jpg&amp;w=3840&amp;q=75"
"education_benefits-of-medicare-part-c","4","image","Aetna Medicare Plans and Benefits","/_next/image?url=https%3A%2F%2Fcdn.sanity.io%2Fimages%2F41pq407l%2Fproduction%2F1c7ff99109dffebf638fcb4821b252ec90692c48-4800x3200.jpg&amp;w=3840&amp;q=75"
"education_benefits-of-medicare-part-c","5","image"," Eligibility Criteria for Medicare Savings Programs","/_next/image?url=https%3A%2F%2Fcdn.sanity.io%2Fimages%2F41pq407l%2Fproduction%2Fa93de6b90953ff332b50a85f8120805a61dfbff5-6720x4480.jpg&amp;w=3840&amp;q=75"
"education_benefits-of-united-health-medicare-advantage-plans","1","image","Benefits of United Health Medicare Advantage Plans","/_next/image?url=https%3A%2F%2Fcdn.sanity.io%2Fimages%2F41pq407l%2Fproduction%2Ffb0536750245a94e18ee71c8d10aa127fadc14b9-5611x3746.jpg&amp;w=3840&amp;q=75"
"education_benefits-of-united-health-medicare-advantage-plans","2","image","iHealth Plans","/_next/image?url=https%3A%2F%2Fcdn.sanity.io%2Fimages%2F41pq407l%2Fproduction%2F933440a30a9dfefb51a402c290db1c864229d0b4-263x265.png&amp;w=3840&amp;q=75"
"education_benefits-of-united-health-medicare-advantage-plans","3","image","Medicare and Vision Coverage","/_next/image?url=https%3A%2F%2Fcdn.sanity.io%2Fimages%2F41pq407l%2Fproduction%2Fdc0462cb0254f05d336c9dd89d54c547e9a2eee1-6720x4480.jpg&amp;w=3840&amp;q=75"
"education_benefits-of-united-health-medicare-advantage-plans","4","image","Aetna Medicare Plans and Benefits","/_next/image?url=https%3A%2F%2Fcdn.sanity.io%2Fimages%2F41pq407l%2Fproduction%2F1c7ff99109dffebf638fcb4821b252ec90692c48-4800x3200.jpg&amp;w=3840&amp;q=75"
"education_benefits-of-united-health-medicare-advantage-plans","5","image"," Eligibility Criteria for Medicare Savings Programs","/_next/image?url=https%3A%2F%2Fcdn.sanity.io%2Fimages%2F41pq407l%2Fproduction%2Fa93de6b90953ff332b50a85f8120805a61dfbff5-6720x4480.jpg&amp;w=3840&amp;q=75"
"education_benefits-of-united-health-medicare-advantage","1","image","Benefits of United Health Medicare Advantage","/_next/image?url=https%3A%2F%2Fcdn.sanity.io%2Fimages%2F41pq407l%2Fproduction%2F54ad991604e6b788fdf37496208d64c49045da92-6720x4480.jpg&amp;w=3840&amp;q=75"
"education_benefits-of-united-health-medicare-advantage","2","image","iHealth Plans","/_next/image?url=https%3A%2F%2Fcdn.sanity.io%2Fimages%2F41pq407l%2Fproduction%2F933440a30a9dfefb51a402c290db1c864229d0b4-263x265.png&amp;w=3840&amp;q=75"
"education_benefits-of-united-health-medicare-advantage","3","image","Medicare and Vision Coverage","/_next/image?url=https%3A%2F%2Fcdn.sanity.io%2Fimages%2F41pq407l%2Fproduction%2Fdc0462cb0254f05d336c9dd89d54c547e9a2eee1-6720x4480.jpg&amp;w=3840&amp;q=75"
"education_benefits-of-united-health-medicare-advantage","4","image","Aetna Medicare Plans and Benefits","/_next/image?url=https%3A%2F%2Fcdn.sanity.io%2Fimages%2F41pq407l%2Fproduction%2F1c7ff99109dffebf638fcb4821b252ec90692c48-4800x3200.jpg&amp;w=3840&amp;q=75"
"education_benefits-of-united-health-medicare-advantage","5","image"," Eligibility Criteria for Medicare Savings Programs","/_next/image?url=https%3A%2F%2Fcdn.sanity.io%2Fimages%2F41pq407l%2Fproduction%2Fa93de6b90953ff332b50a85f8120805a61dfbff5-6720x4480.jpg&amp;w=3840&amp;q=75"
"education_best-rated-medicare-advantage-plans","1","image","Best Rated Medicare Advantage Plans","/_next/image?url=https%3A%2F%2Fcdn.sanity.io%2Fimages%2F41pq407l%2Fproduction%2Fce75aad1ac11160174c3ac56001caaec146c3e12-8660x5774.jpg&amp;w=3840&amp;q=75"
"education_best-rated-medicare-advantage-plans","2","image","iHealth Plans","/_next/image?url=https%3A%2F%2Fcdn.sanity.io%2Fimages%2F41pq407l%2Fproduction%2F933440a30a9dfefb51a402c290db1c864229d0b4-263x265.png&amp;w=3840&amp;q=75"
"education_best-rated-medicare-advantage-plans","3","image","Medicare and Vision Coverage","/_next/image?url=https%3A%2F%2Fcdn.sanity.io%2Fimages%2F41pq407l%2Fproduction%2Fdc0462cb0254f05d336c9dd89d54c547e9a2eee1-6720x4480.jpg&amp;w=3840&amp;q=75"
"education_best-rated-medicare-advantage-plans","4","image","Aetna Medicare Plans and Benefits","/_next/image?url=https%3A%2F%2Fcdn.sanity.io%2Fimages%2F41pq407l%2Fproduction%2F1c7ff99109dffebf638fcb4821b252ec90692c48-4800x3200.jpg&amp;w=3840&amp;q=75"
"education_best-rated-medicare-advantage-plans","5","image"," Eligibility Criteria for Medicare Savings Programs","/_next/image?url=https%3A%2F%2Fcdn.sanity.io%2Fimages%2F41pq407l%2Fproduction%2Fa93de6b90953ff332b50a85f8120805a61dfbff5-6720x4480.jpg&amp;w=3840&amp;q=75"
"education_better-understand-medicare-insurance-options","1","image","Better Understand Medicare Insurance Options","/_next/image?url=https%3A%2F%2Fcdn.sanity.io%2Fimages%2F41pq407l%2Fproduction%2F12c5977a3ae73717922131a47c715d579be9a15a-7422x5283.jpg&amp;w=3840&amp;q=75"
"education_better-understand-medicare-insurance-options","2","image","iHealth Plans","/_next/image?url=https%3A%2F%2Fcdn.sanity.io%2Fimages%2F41pq407l%2Fproduction%2F933440a30a9dfefb51a402c290db1c864229d0b4-263x265.png&amp;w=3840&amp;q=75"
"education_better-understand-medicare-insurance-options","3","image","Medicare and Vision Coverage","/_next/image?url=https%3A%2F%2Fcdn.sanity.io%2Fimages%2F41pq407l%2Fproduction%2Fdc0462cb0254f05d336c9dd89d54c547e9a2eee1-6720x4480.jpg&amp;w=3840&amp;q=75"
"education_better-understand-medicare-insurance-options","4","image","Aetna Medicare Plans and Benefits","/_next/image?url=https%3A%2F%2Fcdn.sanity.io%2Fimages%2F41pq407l%2Fproduction%2F1c7ff99109dffebf638fcb4821b252ec90692c48-4800x3200.jpg&amp;w=3840&amp;q=75"
"education_better-understand-medicare-insurance-options","5","image"," Eligibility Criteria for Medicare Savings Programs","/_next/image?url=https%3A%2F%2Fcdn.sanity.io%2Fimages%2F41pq407l%2Fproduction%2Fa93de6b90953ff332b50a85f8120805a61dfbff5-6720x4480.jpg&amp;w=3840&amp;q=75"
"education_beyond-the-basics-additional-benefits-of-medigap-plans","1","image","Beyond the Basics - Additional Benefits of Medigap Plans","/_next/image?url=https%3A%2F%2Fcdn.sanity.io%2Fimages%2F41pq407l%2Fproduction%2Fded779f25e2492b1cdd5092da75d074bb936a6e6-6016x3384.jpg&amp;w=3840&amp;q=75"
"education_beyond-the-basics-additional-benefits-of-medigap-plans","2","image","iHealth Plans","/_next/image?url=https%3A%2F%2Fcdn.sanity.io%2Fimages%2F41pq407l%2Fproduction%2F933440a30a9dfefb51a402c290db1c864229d0b4-263x265.png&amp;w=3840&amp;q=75"
"education_beyond-the-basics-additional-benefits-of-medigap-plans","3","image","Medicare and Vision Coverage","/_next/image?url=https%3A%2F%2Fcdn.sanity.io%2Fimages%2F41pq407l%2Fproduction%2Fdc0462cb0254f05d336c9dd89d54c547e9a2eee1-6720x4480.jpg&amp;w=3840&amp;q=75"
"education_beyond-the-basics-additional-benefits-of-medigap-plans","4","image","Aetna Medicare Plans and Benefits","/_next/image?url=https%3A%2F%2Fcdn.sanity.io%2Fimages%2F41pq407l%2Fproduction%2F1c7ff99109dffebf638fcb4821b252ec90692c48-4800x3200.jpg&amp;w=3840&amp;q=75"
"education_beyond-the-basics-additional-benefits-of-medigap-plans","5","image"," Eligibility Criteria for Medicare Savings Programs","/_next/image?url=https%3A%2F%2Fcdn.sanity.io%2Fimages%2F41pq407l%2Fproduction%2Fa93de6b90953ff332b50a85f8120805a61dfbff5-6720x4480.jpg&amp;w=3840&amp;q=75"
"education_beyond-the-premium-unveiling-the-true-value-of-comprehensive-health-plans","1","image","Beyond the Premium: Unveiling the True Value of Comprehensive Health Plans","/_next/image?url=https%3A%2F%2Fcdn.sanity.io%2Fimages%2F41pq407l%2Fproduction%2F11a513138147fa321fce57a153dfebf00eda2ccc-7348x4899.jpg&amp;w=3840&amp;q=75"
"education_beyond-the-premium-unveiling-the-true-value-of-comprehensive-health-plans","2","image","iHealth Plans","/_next/image?url=https%3A%2F%2Fcdn.sanity.io%2Fimages%2F41pq407l%2Fproduction%2F933440a30a9dfefb51a402c290db1c864229d0b4-263x265.png&amp;w=3840&amp;q=75"
"education_beyond-the-premium-unveiling-the-true-value-of-comprehensive-health-plans","3","image","Medicare and Vision Coverage","/_next/image?url=https%3A%2F%2Fcdn.sanity.io%2Fimages%2F41pq407l%2Fproduction%2Fdc0462cb0254f05d336c9dd89d54c547e9a2eee1-6720x4480.jpg&amp;w=3840&amp;q=75"
"education_beyond-the-premium-unveiling-the-true-value-of-comprehensive-health-plans","4","image","Aetna Medicare Plans and Benefits","/_next/image?url=https%3A%2F%2Fcdn.sanity.io%2Fimages%2F41pq407l%2Fproduction%2F1c7ff99109dffebf638fcb4821b252ec90692c48-4800x3200.jpg&amp;w=3840&amp;q=75"
"education_beyond-the-premium-unveiling-the-true-value-of-comprehensive-health-plans","5","image"," Eligibility Criteria for Medicare Savings Programs","/_next/image?url=https%3A%2F%2Fcdn.sanity.io%2Fimages%2F41pq407l%2Fproduction%2Fa93de6b90953ff332b50a85f8120805a61dfbff5-6720x4480.jpg&amp;w=3840&amp;q=75"
"education_blue-cross-blue-shield-medicare-advantage-overview","1","image","Blue Cross Blue Shield Medicare Advantage Overview","/_next/image?url=https%3A%2F%2Fcdn.sanity.io%2Fimages%2F41pq407l%2Fproduction%2F0791d986a85e9e5a9dadd52ced37fa61447ba26e-8192x5464.jpg&amp;w=3840&amp;q=75"
"education_blue-cross-blue-shield-medicare-advantage-overview","2","image","iHealth Plans","/_next/image?url=https%3A%2F%2Fcdn.sanity.io%2Fimages%2F41pq407l%2Fproduction%2F933440a30a9dfefb51a402c290db1c864229d0b4-263x265.png&amp;w=3840&amp;q=75"
"education_blue-cross-blue-shield-medicare-advantage-overview","3","image","Medicare and Vision Coverage","/_next/image?url=https%3A%2F%2Fcdn.sanity.io%2Fimages%2F41pq407l%2Fproduction%2Fdc0462cb0254f05d336c9dd89d54c547e9a2eee1-6720x4480.jpg&amp;w=3840&amp;q=75"
"education_blue-cross-blue-shield-medicare-advantage-overview","4","image","Aetna Medicare Plans and Benefits","/_next/image?url=https%3A%2F%2Fcdn.sanity.io%2Fimages%2F41pq407l%2Fproduction%2F1c7ff99109dffebf638fcb4821b252ec90692c48-4800x3200.jpg&amp;w=3840&amp;q=75"
"education_blue-cross-blue-shield-medicare-advantage-overview","5","image"," Eligibility Criteria for Medicare Savings Programs","/_next/image?url=https%3A%2F%2Fcdn.sanity.io%2Fimages%2F41pq407l%2Fproduction%2Fa93de6b90953ff332b50a85f8120805a61dfbff5-6720x4480.jpg&amp;w=3840&amp;q=75"
"education_blue-cross-blue-shield-medicare-advantage","1","image","Blue Cross Blue Shield Medicare Advantage","/_next/image?url=https%3A%2F%2Fcdn.sanity.io%2Fimages%2F41pq407l%2Fproduction%2Fcd406124e0cb170c23acb1b60b9576871472f236-5641x3753.jpg&amp;w=3840&amp;q=75"
"education_blue-cross-blue-shield-medicare-advantage","2","image","iHealth Plans","/_next/image?url=https%3A%2F%2Fcdn.sanity.io%2Fimages%2F41pq407l%2Fproduction%2F933440a30a9dfefb51a402c290db1c864229d0b4-263x265.png&amp;w=3840&amp;q=75"
"education_blue-cross-blue-shield-medicare-advantage","3","image","Medicare and Vision Coverage","/_next/image?url=https%3A%2F%2Fcdn.sanity.io%2Fimages%2F41pq407l%2Fproduction%2Fdc0462cb0254f05d336c9dd89d54c547e9a2eee1-6720x4480.jpg&amp;w=3840&amp;q=75"
"education_blue-cross-blue-shield-medicare-advantage","4","image","Aetna Medicare Plans and Benefits","/_next/image?url=https%3A%2F%2Fcdn.sanity.io%2Fimages%2F41pq407l%2Fproduction%2F1c7ff99109dffebf638fcb4821b252ec90692c48-4800x3200.jpg&amp;w=3840&amp;q=75"
"education_blue-cross-blue-shield-medicare-advantage","5","image"," Eligibility Criteria for Medicare Savings Programs","/_next/image?url=https%3A%2F%2Fcdn.sanity.io%2Fimages%2F41pq407l%2Fproduction%2Fa93de6b90953ff332b50a85f8120805a61dfbff5-6720x4480.jpg&amp;w=3840&amp;q=75"
"education_blue-cross-medicare-advantage-plans","1","image","Blue Cross Medicare Advantage Plans","/_next/image?url=https%3A%2F%2Fcdn.sanity.io%2Fimages%2F41pq407l%2Fproduction%2F0791d986a85e9e5a9dadd52ced37fa61447ba26e-8192x5464.jpg&amp;w=3840&amp;q=75"
"education_blue-cross-medicare-advantage-plans","2","image","iHealth Plans","/_next/image?url=https%3A%2F%2Fcdn.sanity.io%2Fimages%2F41pq407l%2Fproduction%2F933440a30a9dfefb51a402c290db1c864229d0b4-263x265.png&amp;w=3840&amp;q=75"
"education_blue-cross-medicare-advantage-plans","3","image","Medicare and Vision Coverage","/_next/image?url=https%3A%2F%2Fcdn.sanity.io%2Fimages%2F41pq407l%2Fproduction%2Fdc0462cb0254f05d336c9dd89d54c547e9a2eee1-6720x4480.jpg&amp;w=3840&amp;q=75"
"education_blue-cross-medicare-advantage-plans","4","image","Aetna Medicare Plans and Benefits","/_next/image?url=https%3A%2F%2Fcdn.sanity.io%2Fimages%2F41pq407l%2Fproduction%2F1c7ff99109dffebf638fcb4821b252ec90692c48-4800x3200.jpg&amp;w=3840&amp;q=75"
"education_blue-cross-medicare-advantage-plans","5","image"," Eligibility Criteria for Medicare Savings Programs","/_next/image?url=https%3A%2F%2Fcdn.sanity.io%2Fimages%2F41pq407l%2Fproduction%2Fa93de6b90953ff332b50a85f8120805a61dfbff5-6720x4480.jpg&amp;w=3840&amp;q=75"
"education_choosing-medicare-advantage-plans","1","image","Choosing Medicare Advantage Plans","/_next/image?url=https%3A%2F%2Fcdn.sanity.io%2Fimages%2F41pq407l%2Fproduction%2F12c5977a3ae73717922131a47c715d579be9a15a-7422x5283.jpg&amp;w=3840&amp;q=75"
"education_choosing-medicare-advantage-plans","2","image","iHealth Plans","/_next/image?url=https%3A%2F%2Fcdn.sanity.io%2Fimages%2F41pq407l%2Fproduction%2F933440a30a9dfefb51a402c290db1c864229d0b4-263x265.png&amp;w=3840&amp;q=75"
"education_choosing-medicare-advantage-plans","3","image","Medicare and Vision Coverage","/_next/image?url=https%3A%2F%2Fcdn.sanity.io%2Fimages%2F41pq407l%2Fproduction%2Fdc0462cb0254f05d336c9dd89d54c547e9a2eee1-6720x4480.jpg&amp;w=3840&amp;q=75"
"education_choosing-medicare-advantage-plans","4","image","Aetna Medicare Plans and Benefits","/_next/image?url=https%3A%2F%2Fcdn.sanity.io%2Fimages%2F41pq407l%2Fproduction%2F1c7ff99109dffebf638fcb4821b252ec90692c48-4800x3200.jpg&amp;w=3840&amp;q=75"
"education_choosing-medicare-advantage-plans","5","image"," Eligibility Criteria for Medicare Savings Programs","/_next/image?url=https%3A%2F%2Fcdn.sanity.io%2Fimages%2F41pq407l%2Fproduction%2Fa93de6b90953ff332b50a85f8120805a61dfbff5-6720x4480.jpg&amp;w=3840&amp;q=75"
"education_choosing-the-best-medicare-advantage-plans","1","image","Choosing the Best Medicare Advantage Plans","/_next/image?url=https%3A%2F%2Fcdn.sanity.io%2Fimages%2F41pq407l%2Fproduction%2F26083d0eda1ed3e4da620c748e74b36cf1a2e314-4936x3296.jpg&amp;w=3840&amp;q=75"
"education_choosing-the-best-medicare-advantage-plans","2","image","iHealth Plans","/_next/image?url=https%3A%2F%2Fcdn.sanity.io%2Fimages%2F41pq407l%2Fproduction%2F933440a30a9dfefb51a402c290db1c864229d0b4-263x265.png&amp;w=3840&amp;q=75"
"education_choosing-the-best-medicare-advantage-plans","3","image","Medicare and Vision Coverage","/_next/image?url=https%3A%2F%2Fcdn.sanity.io%2Fimages%2F41pq407l%2Fproduction%2Fdc0462cb0254f05d336c9dd89d54c547e9a2eee1-6720x4480.jpg&amp;w=3840&amp;q=75"
"education_choosing-the-best-medicare-advantage-plans","4","image","Aetna Medicare Plans and Benefits","/_next/image?url=https%3A%2F%2Fcdn.sanity.io%2Fimages%2F41pq407l%2Fproduction%2F1c7ff99109dffebf638fcb4821b252ec90692c48-4800x3200.jpg&amp;w=3840&amp;q=75"
"education_choosing-the-best-medicare-advantage-plans","5","image"," Eligibility Criteria for Medicare Savings Programs","/_next/image?url=https%3A%2F%2Fcdn.sanity.io%2Fimages%2F41pq407l%2Fproduction%2Fa93de6b90953ff332b50a85f8120805a61dfbff5-6720x4480.jpg&amp;w=3840&amp;q=75"
"education_choosing-the-right-medicare-advantage-plan-considerations-and-options","1","image","Choosing the Right Medicare Advantage Plan: Considerations and Options","/_next/image?url=https%3A%2F%2Fcdn.sanity.io%2Fimages%2F41pq407l%2Fproduction%2F0876b0f2005cdc061be5d465f33343c235958166-8192x5464.jpg&amp;w=3840&amp;q=75"
"education_choosing-the-right-medicare-advantage-plan-considerations-and-options","2","image","iHealth Plans","/_next/image?url=https%3A%2F%2Fcdn.sanity.io%2Fimages%2F41pq407l%2Fproduction%2F933440a30a9dfefb51a402c290db1c864229d0b4-263x265.png&amp;w=3840&amp;q=75"
"education_choosing-the-right-medicare-advantage-plan-considerations-and-options","3","image","Medicare and Vision Coverage","/_next/image?url=https%3A%2F%2Fcdn.sanity.io%2Fimages%2F41pq407l%2Fproduction%2Fdc0462cb0254f05d336c9dd89d54c547e9a2eee1-6720x4480.jpg&amp;w=3840&amp;q=75"
"education_choosing-the-right-medicare-advantage-plan-considerations-and-options","4","image","Aetna Medicare Plans and Benefits","/_next/image?url=https%3A%2F%2Fcdn.sanity.io%2Fimages%2F41pq407l%2Fproduction%2F1c7ff99109dffebf638fcb4821b252ec90692c48-4800x3200.jpg&amp;w=3840&amp;q=75"
"education_choosing-the-right-medicare-advantage-plan-considerations-and-options","5","image"," Eligibility Criteria for Medicare Savings Programs","/_next/image?url=https%3A%2F%2Fcdn.sanity.io%2Fimages%2F41pq407l%2Fproduction%2Fa93de6b90953ff332b50a85f8120805a61dfbff5-6720x4480.jpg&amp;w=3840&amp;q=75"
"education_cigna-medicare-plans","1","image","Cigna Medicare Plans","/_next/image?url=https%3A%2F%2Fcdn.sanity.io%2Fimages%2F41pq407l%2Fproduction%2Ff89ce3586a600d9d7a305d60346caea34c01f528-5552x2928.jpg&amp;w=3840&amp;q=75"
"education_cigna-medicare-plans","2","image","iHealth Plans","/_next/image?url=https%3A%2F%2Fcdn.sanity.io%2Fimages%2F41pq407l%2Fproduction%2F933440a30a9dfefb51a402c290db1c864229d0b4-263x265.png&amp;w=3840&amp;q=75"
"education_cigna-medicare-plans","3","image","Medicare and Vision Coverage","/_next/image?url=https%3A%2F%2Fcdn.sanity.io%2Fimages%2F41pq407l%2Fproduction%2Fdc0462cb0254f05d336c9dd89d54c547e9a2eee1-6720x4480.jpg&amp;w=3840&amp;q=75"
"education_cigna-medicare-plans","4","image","Aetna Medicare Plans and Benefits","/_next/image?url=https%3A%2F%2Fcdn.sanity.io%2Fimages%2F41pq407l%2Fproduction%2F1c7ff99109dffebf638fcb4821b252ec90692c48-4800x3200.jpg&amp;w=3840&amp;q=75"
"education_cigna-medicare-plans","5","image"," Eligibility Criteria for Medicare Savings Programs","/_next/image?url=https%3A%2F%2Fcdn.sanity.io%2Fimages%2F41pq407l%2Fproduction%2Fa93de6b90953ff332b50a85f8120805a61dfbff5-6720x4480.jpg&amp;w=3840&amp;q=75"
"education_community-resources-and-long-term-care-planning","1","image","Community Resources and Long-Term Care Planning","/_next/image?url=https%3A%2F%2Fcdn.sanity.io%2Fimages%2F41pq407l%2Fproduction%2F60c5c0ac9135169355e28a56d6eaa622876cc472-4288x2848.jpg&amp;w=3840&amp;q=75"
"education_community-resources-and-long-term-care-planning","2","image","iHealth Plans","/_next/image?url=https%3A%2F%2Fcdn.sanity.io%2Fimages%2F41pq407l%2Fproduction%2F933440a30a9dfefb51a402c290db1c864229d0b4-263x265.png&amp;w=3840&amp;q=75"
"education_community-resources-and-long-term-care-planning","3","image","Medicare and Vision Coverage","/_next/image?url=https%3A%2F%2Fcdn.sanity.io%2Fimages%2F41pq407l%2Fproduction%2Fdc0462cb0254f05d336c9dd89d54c547e9a2eee1-6720x4480.jpg&amp;w=3840&amp;q=75"
"education_community-resources-and-long-term-care-planning","4","image","Aetna Medicare Plans and Benefits","/_next/image?url=https%3A%2F%2Fcdn.sanity.io%2Fimages%2F41pq407l%2Fproduction%2F1c7ff99109dffebf638fcb4821b252ec90692c48-4800x3200.jpg&amp;w=3840&amp;q=75"
"education_community-resources-and-long-term-care-planning","5","image"," Eligibility Criteria for Medicare Savings Programs","/_next/image?url=https%3A%2F%2Fcdn.sanity.io%2Fimages%2F41pq407l%2Fproduction%2Fa93de6b90953ff332b50a85f8120805a61dfbff5-6720x4480.jpg&amp;w=3840&amp;q=75"
"education_comparing-different-medicare-plans","1","image","Comparing Different Medicare Plans","/_next/image?url=https%3A%2F%2Fcdn.sanity.io%2Fimages%2F41pq407l%2Fproduction%2F0791d986a85e9e5a9dadd52ced37fa61447ba26e-8192x5464.jpg&amp;w=3840&amp;q=75"
"education_comparing-different-medicare-plans","2","image","iHealth Plans","/_next/image?url=https%3A%2F%2Fcdn.sanity.io%2Fimages%2F41pq407l%2Fproduction%2F933440a30a9dfefb51a402c290db1c864229d0b4-263x265.png&amp;w=3840&amp;q=75"
"education_comparing-different-medicare-plans","3","image","Medicare and Vision Coverage","/_next/image?url=https%3A%2F%2Fcdn.sanity.io%2Fimages%2F41pq407l%2Fproduction%2Fdc0462cb0254f05d336c9dd89d54c547e9a2eee1-6720x4480.jpg&amp;w=3840&amp;q=75"
"education_comparing-different-medicare-plans","4","image","Aetna Medicare Plans and Benefits","/_next/image?url=https%3A%2F%2Fcdn.sanity.io%2Fimages%2F41pq407l%2Fproduction%2F1c7ff99109dffebf638fcb4821b252ec90692c48-4800x3200.jpg&amp;w=3840&amp;q=75"
"education_comparing-different-medicare-plans","5","image"," Eligibility Criteria for Medicare Savings Programs","/_next/image?url=https%3A%2F%2Fcdn.sanity.io%2Fimages%2F41pq407l%2Fproduction%2Fa93de6b90953ff332b50a85f8120805a61dfbff5-6720x4480.jpg&amp;w=3840&amp;q=75"
"education_comparing-medicare-advantage-and-medigap","1","image","Comparing Medicare Advantage and Medigap","/_next/image?url=https%3A%2F%2Fcdn.sanity.io%2Fimages%2F41pq407l%2Fproduction%2F1c7ff99109dffebf638fcb4821b252ec90692c48-4800x3200.jpg&amp;w=3840&amp;q=75"
"education_comparing-medicare-advantage-and-medigap","2","image","iHealth Plans","/_next/image?url=https%3A%2F%2Fcdn.sanity.io%2Fimages%2F41pq407l%2Fproduction%2F933440a30a9dfefb51a402c290db1c864229d0b4-263x265.png&amp;w=3840&amp;q=75"
"education_comparing-medicare-advantage-and-medigap","3","image","Medicare and Vision Coverage","/_next/image?url=https%3A%2F%2Fcdn.sanity.io%2Fimages%2F41pq407l%2Fproduction%2Fdc0462cb0254f05d336c9dd89d54c547e9a2eee1-6720x4480.jpg&amp;w=3840&amp;q=75"
"education_comparing-medicare-advantage-and-medigap","4","image","Aetna Medicare Plans and Benefits","/_next/image?url=https%3A%2F%2Fcdn.sanity.io%2Fimages%2F41pq407l%2Fproduction%2F1c7ff99109dffebf638fcb4821b252ec90692c48-4800x3200.jpg&amp;w=3840&amp;q=75"
"education_comparing-medicare-advantage-and-medigap","5","image"," Eligibility Criteria for Medicare Savings Programs","/_next/image?url=https%3A%2F%2Fcdn.sanity.io%2Fimages%2F41pq407l%2Fproduction%2Fa93de6b90953ff332b50a85f8120805a61dfbff5-6720x4480.jpg&amp;w=3840&amp;q=75"
"education_comparing-medicare-advantage-programs","1","image","Comparing Medicare Advantage Programs","/_next/image?url=https%3A%2F%2Fcdn.sanity.io%2Fimages%2F41pq407l%2Fproduction%2Fd8831e86752148e35c16ebe07db524565e86a66f-6000x3375.jpg&amp;w=3840&amp;q=75"
"education_comparing-medicare-advantage-programs","2","image","iHealth Plans","/_next/image?url=https%3A%2F%2Fcdn.sanity.io%2Fimages%2F41pq407l%2Fproduction%2F933440a30a9dfefb51a402c290db1c864229d0b4-263x265.png&amp;w=3840&amp;q=75"
"education_comparing-medicare-advantage-programs","3","image","Medicare and Vision Coverage","/_next/image?url=https%3A%2F%2Fcdn.sanity.io%2Fimages%2F41pq407l%2Fproduction%2Fdc0462cb0254f05d336c9dd89d54c547e9a2eee1-6720x4480.jpg&amp;w=3840&amp;q=75"
"education_comparing-medicare-advantage-programs","4","image","Aetna Medicare Plans and Benefits","/_next/image?url=https%3A%2F%2Fcdn.sanity.io%2Fimages%2F41pq407l%2Fproduction%2F1c7ff99109dffebf638fcb4821b252ec90692c48-4800x3200.jpg&amp;w=3840&amp;q=75"
"education_comparing-medicare-advantage-programs","5","image"," Eligibility Criteria for Medicare Savings Programs","/_next/image?url=https%3A%2F%2Fcdn.sanity.io%2Fimages%2F41pq407l%2Fproduction%2Fa93de6b90953ff332b50a85f8120805a61dfbff5-6720x4480.jpg&amp;w=3840&amp;q=75"
"education_comparing-medicare-plans","1","image","Comparing Medicare Plans","/_next/image?url=https%3A%2F%2Fcdn.sanity.io%2Fimages%2F41pq407l%2Fproduction%2Fcd406124e0cb170c23acb1b60b9576871472f236-5641x3753.jpg&amp;w=3840&amp;q=75"
"education_comparing-medicare-plans","2","image","iHealth Plans","/_next/image?url=https%3A%2F%2Fcdn.sanity.io%2Fimages%2F41pq407l%2Fproduction%2F933440a30a9dfefb51a402c290db1c864229d0b4-263x265.png&amp;w=3840&amp;q=75"
"education_comparing-medicare-plans","3","image","Medicare and Vision Coverage","/_next/image?url=https%3A%2F%2Fcdn.sanity.io%2Fimages%2F41pq407l%2Fproduction%2Fdc0462cb0254f05d336c9dd89d54c547e9a2eee1-6720x4480.jpg&amp;w=3840&amp;q=75"
"education_comparing-medicare-plans","4","image","Aetna Medicare Plans and Benefits","/_next/image?url=https%3A%2F%2Fcdn.sanity.io%2Fimages%2F41pq407l%2Fproduction%2F1c7ff99109dffebf638fcb4821b252ec90692c48-4800x3200.jpg&amp;w=3840&amp;q=75"
"education_comparing-medicare-plans","5","image"," Eligibility Criteria for Medicare Savings Programs","/_next/image?url=https%3A%2F%2Fcdn.sanity.io%2Fimages%2F41pq407l%2Fproduction%2Fa93de6b90953ff332b50a85f8120805a61dfbff5-6720x4480.jpg&amp;w=3840&amp;q=75"
"education_comprehensive-anthem-medicare-advantage-plans","1","image","Comprehensive Anthem Medicare Advantage Plans","/_next/image?url=https%3A%2F%2Fcdn.sanity.io%2Fimages%2F41pq407l%2Fproduction%2F54ad991604e6b788fdf37496208d64c49045da92-6720x4480.jpg&amp;w=3840&amp;q=75"
"education_comprehensive-anthem-medicare-advantage-plans","2","image","iHealth Plans","/_next/image?url=https%3A%2F%2Fcdn.sanity.io%2Fimages%2F41pq407l%2Fproduction%2F933440a30a9dfefb51a402c290db1c864229d0b4-263x265.png&amp;w=3840&amp;q=75"
"education_comprehensive-anthem-medicare-advantage-plans","3","image","Medicare and Vision Coverage","/_next/image?url=https%3A%2F%2Fcdn.sanity.io%2Fimages%2F41pq407l%2Fproduction%2Fdc0462cb0254f05d336c9dd89d54c547e9a2eee1-6720x4480.jpg&amp;w=3840&amp;q=75"
"education_comprehensive-anthem-medicare-advantage-plans","4","image","Aetna Medicare Plans and Benefits","/_next/image?url=https%3A%2F%2Fcdn.sanity.io%2Fimages%2F41pq407l%2Fproduction%2F1c7ff99109dffebf638fcb4821b252ec90692c48-4800x3200.jpg&amp;w=3840&amp;q=75"
"education_comprehensive-anthem-medicare-advantage-plans","5","image"," Eligibility Criteria for Medicare Savings Programs","/_next/image?url=https%3A%2F%2Fcdn.sanity.io%2Fimages%2F41pq407l%2Fproduction%2Fa93de6b90953ff332b50a85f8120805a61dfbff5-6720x4480.jpg&amp;w=3840&amp;q=75"
"education_comprehensive-cigna-medicare-plans","1","image","Comprehensive Cigna Medicare Plans","/_next/image?url=https%3A%2F%2Fcdn.sanity.io%2Fimages%2F41pq407l%2Fproduction%2F46e913e910bb3c35a5e40c71d13b49d99218fc27-5600x3733.jpg&amp;w=3840&amp;q=75"
"education_comprehensive-cigna-medicare-plans","2","image","iHealth Plans","/_next/image?url=https%3A%2F%2Fcdn.sanity.io%2Fimages%2F41pq407l%2Fproduction%2F933440a30a9dfefb51a402c290db1c864229d0b4-263x265.png&amp;w=3840&amp;q=75"
"education_comprehensive-cigna-medicare-plans","3","image","Medicare and Vision Coverage","/_next/image?url=https%3A%2F%2Fcdn.sanity.io%2Fimages%2F41pq407l%2Fproduction%2Fdc0462cb0254f05d336c9dd89d54c547e9a2eee1-6720x4480.jpg&amp;w=3840&amp;q=75"
"education_comprehensive-cigna-medicare-plans","4","image","Aetna Medicare Plans and Benefits","/_next/image?url=https%3A%2F%2Fcdn.sanity.io%2Fimages%2F41pq407l%2Fproduction%2F1c7ff99109dffebf638fcb4821b252ec90692c48-4800x3200.jpg&amp;w=3840&amp;q=75"
"education_comprehensive-cigna-medicare-plans","5","image"," Eligibility Criteria for Medicare Savings Programs","/_next/image?url=https%3A%2F%2Fcdn.sanity.io%2Fimages%2F41pq407l%2Fproduction%2Fa93de6b90953ff332b50a85f8120805a61dfbff5-6720x4480.jpg&amp;w=3840&amp;q=75"
"education_comprehensive-guide-to-medicare-advantage-plans","1","image","Comprehensive Guide to Medicare Advantage Plans","/_next/image?url=https%3A%2F%2Fcdn.sanity.io%2Fimages%2F41pq407l%2Fproduction%2F1dc58375d4bb401c2a8106805a82a16e974fd389-5358x3572.jpg&amp;w=3840&amp;q=75"
"education_comprehensive-guide-to-medicare-advantage-plans","2","image","iHealth Plans","/_next/image?url=https%3A%2F%2Fcdn.sanity.io%2Fimages%2F41pq407l%2Fproduction%2F933440a30a9dfefb51a402c290db1c864229d0b4-263x265.png&amp;w=3840&amp;q=75"
"education_comprehensive-guide-to-medicare-advantage-plans","3","image","Medicare and Vision Coverage","/_next/image?url=https%3A%2F%2Fcdn.sanity.io%2Fimages%2F41pq407l%2Fproduction%2Fdc0462cb0254f05d336c9dd89d54c547e9a2eee1-6720x4480.jpg&amp;w=3840&amp;q=75"
"education_comprehensive-guide-to-medicare-advantage-plans","4","image","Aetna Medicare Plans and Benefits","/_next/image?url=https%3A%2F%2Fcdn.sanity.io%2Fimages%2F41pq407l%2Fproduction%2F1c7ff99109dffebf638fcb4821b252ec90692c48-4800x3200.jpg&amp;w=3840&amp;q=75"
"education_comprehensive-guide-to-medicare-advantage-plans","5","image"," Eligibility Criteria for Medicare Savings Programs","/_next/image?url=https%3A%2F%2Fcdn.sanity.io%2Fimages%2F41pq407l%2Fproduction%2Fa93de6b90953ff332b50a85f8120805a61dfbff5-6720x4480.jpg&amp;w=3840&amp;q=75"
"education_comprehensive-humana-advantage-plan-overview","1","image","Comprehensive Humana Advantage Plan Overview","/_next/image?url=https%3A%2F%2Fcdn.sanity.io%2Fimages%2F41pq407l%2Fproduction%2F46e913e910bb3c35a5e40c71d13b49d99218fc27-5600x3733.jpg&amp;w=3840&amp;q=75"
"education_comprehensive-humana-advantage-plan-overview","2","image","iHealth Plans","/_next/image?url=https%3A%2F%2Fcdn.sanity.io%2Fimages%2F41pq407l%2Fproduction%2F933440a30a9dfefb51a402c290db1c864229d0b4-263x265.png&amp;w=3840&amp;q=75"
"education_comprehensive-humana-advantage-plan-overview","3","image","Medicare and Vision Coverage","/_next/image?url=https%3A%2F%2Fcdn.sanity.io%2Fimages%2F41pq407l%2Fproduction%2Fdc0462cb0254f05d336c9dd89d54c547e9a2eee1-6720x4480.jpg&amp;w=3840&amp;q=75"
"education_comprehensive-humana-advantage-plan-overview","4","image","Aetna Medicare Plans and Benefits","/_next/image?url=https%3A%2F%2Fcdn.sanity.io%2Fimages%2F41pq407l%2Fproduction%2F1c7ff99109dffebf638fcb4821b252ec90692c48-4800x3200.jpg&amp;w=3840&amp;q=75"
"education_comprehensive-humana-advantage-plan-overview","5","image"," Eligibility Criteria for Medicare Savings Programs","/_next/image?url=https%3A%2F%2Fcdn.sanity.io%2Fimages%2F41pq407l%2Fproduction%2Fa93de6b90953ff332b50a85f8120805a61dfbff5-6720x4480.jpg&amp;w=3840&amp;q=75"
"education_comprehensive-humana-and-medicare-coverage","1","image","Comprehensive Humana and Medicare Coverage","/_next/image?url=https%3A%2F%2Fcdn.sanity.io%2Fimages%2F41pq407l%2Fproduction%2F1dc58375d4bb401c2a8106805a82a16e974fd389-5358x3572.jpg&amp;w=3840&amp;q=75"
"education_comprehensive-humana-and-medicare-coverage","2","image","iHealth Plans","/_next/image?url=https%3A%2F%2Fcdn.sanity.io%2Fimages%2F41pq407l%2Fproduction%2F933440a30a9dfefb51a402c290db1c864229d0b4-263x265.png&amp;w=3840&amp;q=75"
"education_comprehensive-humana-and-medicare-coverage","3","image","Medicare and Vision Coverage","/_next/image?url=https%3A%2F%2Fcdn.sanity.io%2Fimages%2F41pq407l%2Fproduction%2Fdc0462cb0254f05d336c9dd89d54c547e9a2eee1-6720x4480.jpg&amp;w=3840&amp;q=75"
"education_comprehensive-humana-and-medicare-coverage","4","image","Aetna Medicare Plans and Benefits","/_next/image?url=https%3A%2F%2Fcdn.sanity.io%2Fimages%2F41pq407l%2Fproduction%2F1c7ff99109dffebf638fcb4821b252ec90692c48-4800x3200.jpg&amp;w=3840&amp;q=75"
"education_comprehensive-humana-and-medicare-coverage","5","image"," Eligibility Criteria for Medicare Savings Programs","/_next/image?url=https%3A%2F%2Fcdn.sanity.io%2Fimages%2F41pq407l%2Fproduction%2Fa93de6b90953ff332b50a85f8120805a61dfbff5-6720x4480.jpg&amp;w=3840&amp;q=75"
"education_comprehensive-list-of-medicare-advantage-plans","1","image","Comprehensive List of Medicare Advantage Plans","/_next/image?url=https%3A%2F%2Fcdn.sanity.io%2Fimages%2F41pq407l%2Fproduction%2Fdc0462cb0254f05d336c9dd89d54c547e9a2eee1-6720x4480.jpg&amp;w=3840&amp;q=75"
"education_comprehensive-list-of-medicare-advantage-plans","2","image","iHealth Plans","/_next/image?url=https%3A%2F%2Fcdn.sanity.io%2Fimages%2F41pq407l%2Fproduction%2F933440a30a9dfefb51a402c290db1c864229d0b4-263x265.png&amp;w=3840&amp;q=75"
"education_comprehensive-list-of-medicare-advantage-plans","3","image","Medicare and Vision Coverage","/_next/image?url=https%3A%2F%2Fcdn.sanity.io%2Fimages%2F41pq407l%2Fproduction%2Fdc0462cb0254f05d336c9dd89d54c547e9a2eee1-6720x4480.jpg&amp;w=3840&amp;q=75"
"education_comprehensive-list-of-medicare-advantage-plans","4","image","Aetna Medicare Plans and Benefits","/_next/image?url=https%3A%2F%2Fcdn.sanity.io%2Fimages%2F41pq407l%2Fproduction%2F1c7ff99109dffebf638fcb4821b252ec90692c48-4800x3200.jpg&amp;w=3840&amp;q=75"
"education_comprehensive-list-of-medicare-advantage-plans","5","image"," Eligibility Criteria for Medicare Savings Programs","/_next/image?url=https%3A%2F%2Fcdn.sanity.io%2Fimages%2F41pq407l%2Fproduction%2Fa93de6b90953ff332b50a85f8120805a61dfbff5-6720x4480.jpg&amp;w=3840&amp;q=75"
"education_comprehensive-mental-health-coverage-breaking-the-stigma-and-ensuring-support","1","image"," Comprehensive Mental Health Coverage: Breaking the Stigma and Ensuring Support","/_next/image?url=https%3A%2F%2Fcdn.sanity.io%2Fimages%2F41pq407l%2Fproduction%2F695199f8326436c202db8979a79d469322772815-4800x2700.jpg&amp;w=3840&amp;q=75"
"education_comprehensive-mental-health-coverage-breaking-the-stigma-and-ensuring-support","2","image","iHealth Plans","/_next/image?url=https%3A%2F%2Fcdn.sanity.io%2Fimages%2F41pq407l%2Fproduction%2F933440a30a9dfefb51a402c290db1c864229d0b4-263x265.png&amp;w=3840&amp;q=75"
"education_comprehensive-mental-health-coverage-breaking-the-stigma-and-ensuring-support","3","image","Medicare and Vision Coverage","/_next/image?url=https%3A%2F%2Fcdn.sanity.io%2Fimages%2F41pq407l%2Fproduction%2Fdc0462cb0254f05d336c9dd89d54c547e9a2eee1-6720x4480.jpg&amp;w=3840&amp;q=75"
"education_comprehensive-mental-health-coverage-breaking-the-stigma-and-ensuring-support","4","image","Aetna Medicare Plans and Benefits","/_next/image?url=https%3A%2F%2Fcdn.sanity.io%2Fimages%2F41pq407l%2Fproduction%2F1c7ff99109dffebf638fcb4821b252ec90692c48-4800x3200.jpg&amp;w=3840&amp;q=75"
"education_comprehensive-mental-health-coverage-breaking-the-stigma-and-ensuring-support","5","image"," Eligibility Criteria for Medicare Savings Programs","/_next/image?url=https%3A%2F%2Fcdn.sanity.io%2Fimages%2F41pq407l%2Fproduction%2Fa93de6b90953ff332b50a85f8120805a61dfbff5-6720x4480.jpg&amp;w=3840&amp;q=75"
"education_demystifying-medigap-costs-budgeting-for-comprehensive-coverage","1","image","Demystifying Medigap Costs: Budgeting for Comprehensive Coverage","/_next/image?url=https%3A%2F%2Fcdn.sanity.io%2Fimages%2F41pq407l%2Fproduction%2F6c926469d3bd94a9daab372a52955ce7e8d460b9-6995x4997.jpg&amp;w=3840&amp;q=75"
"education_demystifying-medigap-costs-budgeting-for-comprehensive-coverage","2","image","iHealth Plans","/_next/image?url=https%3A%2F%2Fcdn.sanity.io%2Fimages%2F41pq407l%2Fproduction%2F933440a30a9dfefb51a402c290db1c864229d0b4-263x265.png&amp;w=3840&amp;q=75"
"education_demystifying-medigap-costs-budgeting-for-comprehensive-coverage","3","image","Medicare and Vision Coverage","/_next/image?url=https%3A%2F%2Fcdn.sanity.io%2Fimages%2F41pq407l%2Fproduction%2Fdc0462cb0254f05d336c9dd89d54c547e9a2eee1-6720x4480.jpg&amp;w=3840&amp;q=75"
"education_demystifying-medigap-costs-budgeting-for-comprehensive-coverage","4","image","Aetna Medicare Plans and Benefits","/_next/image?url=https%3A%2F%2Fcdn.sanity.io%2Fimages%2F41pq407l%2Fproduction%2F1c7ff99109dffebf638fcb4821b252ec90692c48-4800x3200.jpg&amp;w=3840&amp;q=75"
"education_demystifying-medigap-costs-budgeting-for-comprehensive-coverage","5","image"," Eligibility Criteria for Medicare Savings Programs","/_next/image?url=https%3A%2F%2Fcdn.sanity.io%2Fimages%2F41pq407l%2Fproduction%2Fa93de6b90953ff332b50a85f8120805a61dfbff5-6720x4480.jpg&amp;w=3840&amp;q=75"
"education_dental-and-medicare-combined-coverage","1","image","Dental and Medicare Combined Coverage","/_next/image?url=https%3A%2F%2Fcdn.sanity.io%2Fimages%2F41pq407l%2Fproduction%2F26083d0eda1ed3e4da620c748e74b36cf1a2e314-4936x3296.jpg&amp;w=3840&amp;q=75"
"education_dental-and-medicare-combined-coverage","2","image","iHealth Plans","/_next/image?url=https%3A%2F%2Fcdn.sanity.io%2Fimages%2F41pq407l%2Fproduction%2F933440a30a9dfefb51a402c290db1c864229d0b4-263x265.png&amp;w=3840&amp;q=75"
"education_dental-and-medicare-combined-coverage","3","image","Medicare and Vision Coverage","/_next/image?url=https%3A%2F%2Fcdn.sanity.io%2Fimages%2F41pq407l%2Fproduction%2Fdc0462cb0254f05d336c9dd89d54c547e9a2eee1-6720x4480.jpg&amp;w=3840&amp;q=75"
"education_dental-and-medicare-combined-coverage","4","image","Aetna Medicare Plans and Benefits","/_next/image?url=https%3A%2F%2Fcdn.sanity.io%2Fimages%2F41pq407l%2Fproduction%2F1c7ff99109dffebf638fcb4821b252ec90692c48-4800x3200.jpg&amp;w=3840&amp;q=75"
"education_dental-and-medicare-combined-coverage","5","image"," Eligibility Criteria for Medicare Savings Programs","/_next/image?url=https%3A%2F%2Fcdn.sanity.io%2Fimages%2F41pq407l%2Fproduction%2Fa93de6b90953ff332b50a85f8120805a61dfbff5-6720x4480.jpg&amp;w=3840&amp;q=75"
"education_dental-and-medicare-coverage","1","image","Dental and Medicare Coverage","/_next/image?url=https%3A%2F%2Fcdn.sanity.io%2Fimages%2F41pq407l%2Fproduction%2F580f7589e2ee563295f43eaa433178291bb3d628-8192x5464.jpg&amp;w=3840&amp;q=75"
"education_dental-and-medicare-coverage","2","image","iHealth Plans","/_next/image?url=https%3A%2F%2Fcdn.sanity.io%2Fimages%2F41pq407l%2Fproduction%2F933440a30a9dfefb51a402c290db1c864229d0b4-263x265.png&amp;w=3840&amp;q=75"
"education_dental-and-medicare-coverage","3","image","Medicare and Vision Coverage","/_next/image?url=https%3A%2F%2Fcdn.sanity.io%2Fimages%2F41pq407l%2Fproduction%2Fdc0462cb0254f05d336c9dd89d54c547e9a2eee1-6720x4480.jpg&amp;w=3840&amp;q=75"
"education_dental-and-medicare-coverage","4","image","Aetna Medicare Plans and Benefits","/_next/image?url=https%3A%2F%2Fcdn.sanity.io%2Fimages%2F41pq407l%2Fproduction%2F1c7ff99109dffebf638fcb4821b252ec90692c48-4800x3200.jpg&amp;w=3840&amp;q=75"
"education_dental-and-medicare-coverage","5","image"," Eligibility Criteria for Medicare Savings Programs","/_next/image?url=https%3A%2F%2Fcdn.sanity.io%2Fimages%2F41pq407l%2Fproduction%2Fa93de6b90953ff332b50a85f8120805a61dfbff5-6720x4480.jpg&amp;w=3840&amp;q=75"
"education_dental-insurance-with-medicare-advantage","1","image","Dental Insurance with Medicare Advantage","/_next/image?url=https%3A%2F%2Fcdn.sanity.io%2Fimages%2F41pq407l%2Fproduction%2F54ad991604e6b788fdf37496208d64c49045da92-6720x4480.jpg&amp;w=3840&amp;q=75"
"education_dental-insurance-with-medicare-advantage","2","image","iHealth Plans","/_next/image?url=https%3A%2F%2Fcdn.sanity.io%2Fimages%2F41pq407l%2Fproduction%2F933440a30a9dfefb51a402c290db1c864229d0b4-263x265.png&amp;w=3840&amp;q=75"
"education_dental-insurance-with-medicare-advantage","3","image","Medicare and Vision Coverage","/_next/image?url=https%3A%2F%2Fcdn.sanity.io%2Fimages%2F41pq407l%2Fproduction%2Fdc0462cb0254f05d336c9dd89d54c547e9a2eee1-6720x4480.jpg&amp;w=3840&amp;q=75"
"education_dental-insurance-with-medicare-advantage","4","image","Aetna Medicare Plans and Benefits","/_next/image?url=https%3A%2F%2Fcdn.sanity.io%2Fimages%2F41pq407l%2Fproduction%2F1c7ff99109dffebf638fcb4821b252ec90692c48-4800x3200.jpg&amp;w=3840&amp;q=75"
"education_dental-insurance-with-medicare-advantage","5","image"," Eligibility Criteria for Medicare Savings Programs","/_next/image?url=https%3A%2F%2Fcdn.sanity.io%2Fimages%2F41pq407l%2Fproduction%2Fa93de6b90953ff332b50a85f8120805a61dfbff5-6720x4480.jpg&amp;w=3840&amp;q=75"
"education_detailed-humana-medicare-plans","1","image","Detailed Humana Medicare Plans","/_next/image?url=https%3A%2F%2Fcdn.sanity.io%2Fimages%2F41pq407l%2Fproduction%2Ff89ce3586a600d9d7a305d60346caea34c01f528-5552x2928.jpg&amp;w=3840&amp;q=75"
"education_detailed-humana-medicare-plans","2","image","iHealth Plans","/_next/image?url=https%3A%2F%2Fcdn.sanity.io%2Fimages%2F41pq407l%2Fproduction%2F933440a30a9dfefb51a402c290db1c864229d0b4-263x265.png&amp;w=3840&amp;q=75"
"education_detailed-humana-medicare-plans","3","image","Medicare and Vision Coverage","/_next/image?url=https%3A%2F%2Fcdn.sanity.io%2Fimages%2F41pq407l%2Fproduction%2Fdc0462cb0254f05d336c9dd89d54c547e9a2eee1-6720x4480.jpg&amp;w=3840&amp;q=75"
"education_detailed-humana-medicare-plans","4","image","Aetna Medicare Plans and Benefits","/_next/image?url=https%3A%2F%2Fcdn.sanity.io%2Fimages%2F41pq407l%2Fproduction%2F1c7ff99109dffebf638fcb4821b252ec90692c48-4800x3200.jpg&amp;w=3840&amp;q=75"
"education_detailed-humana-medicare-plans","5","image"," Eligibility Criteria for Medicare Savings Programs","/_next/image?url=https%3A%2F%2Fcdn.sanity.io%2Fimages%2F41pq407l%2Fproduction%2Fa93de6b90953ff332b50a85f8120805a61dfbff5-6720x4480.jpg&amp;w=3840&amp;q=75"
"education_differences-in-medicare-advantage-programs","1","image","Differences in Medicare Advantage Programs","/_next/image?url=https%3A%2F%2Fcdn.sanity.io%2Fimages%2F41pq407l%2Fproduction%2Fcd406124e0cb170c23acb1b60b9576871472f236-5641x3753.jpg&amp;w=3840&amp;q=75"
"education_differences-in-medicare-advantage-programs","2","image","iHealth Plans","/_next/image?url=https%3A%2F%2Fcdn.sanity.io%2Fimages%2F41pq407l%2Fproduction%2F933440a30a9dfefb51a402c290db1c864229d0b4-263x265.png&amp;w=3840&amp;q=75"
"education_differences-in-medicare-advantage-programs","3","image","Medicare and Vision Coverage","/_next/image?url=https%3A%2F%2Fcdn.sanity.io%2Fimages%2F41pq407l%2Fproduction%2Fdc0462cb0254f05d336c9dd89d54c547e9a2eee1-6720x4480.jpg&amp;w=3840&amp;q=75"
"education_differences-in-medicare-advantage-programs","4","image","Aetna Medicare Plans and Benefits","/_next/image?url=https%3A%2F%2Fcdn.sanity.io%2Fimages%2F41pq407l%2Fproduction%2F1c7ff99109dffebf638fcb4821b252ec90692c48-4800x3200.jpg&amp;w=3840&amp;q=75"
"education_differences-in-medicare-advantage-programs","5","image"," Eligibility Criteria for Medicare Savings Programs","/_next/image?url=https%3A%2F%2Fcdn.sanity.io%2Fimages%2F41pq407l%2Fproduction%2Fa93de6b90953ff332b50a85f8120805a61dfbff5-6720x4480.jpg&amp;w=3840&amp;q=75"
"education_digital-health-literacy-navigating-the-world-of-telehealth","1","image","Digital Health Literacy: Navigating the World of Telehealth","/_next/image?url=https%3A%2F%2Fcdn.sanity.io%2Fimages%2F41pq407l%2Fproduction%2F25d88558410c0c3f0facdd28b5d1e94d517159a9-8256x5504.jpg&amp;w=3840&amp;q=75"
"education_digital-health-literacy-navigating-the-world-of-telehealth","2","image","iHealth Plans","/_next/image?url=https%3A%2F%2Fcdn.sanity.io%2Fimages%2F41pq407l%2Fproduction%2F933440a30a9dfefb51a402c290db1c864229d0b4-263x265.png&amp;w=3840&amp;q=75"
"education_digital-health-literacy-navigating-the-world-of-telehealth","3","image","Medicare and Vision Coverage","/_next/image?url=https%3A%2F%2Fcdn.sanity.io%2Fimages%2F41pq407l%2Fproduction%2Fdc0462cb0254f05d336c9dd89d54c547e9a2eee1-6720x4480.jpg&amp;w=3840&amp;q=75"
"education_digital-health-literacy-navigating-the-world-of-telehealth","4","image","Aetna Medicare Plans and Benefits","/_next/image?url=https%3A%2F%2Fcdn.sanity.io%2Fimages%2F41pq407l%2Fproduction%2F1c7ff99109dffebf638fcb4821b252ec90692c48-4800x3200.jpg&amp;w=3840&amp;q=75"
"education_digital-health-literacy-navigating-the-world-of-telehealth","5","image"," Eligibility Criteria for Medicare Savings Programs","/_next/image?url=https%3A%2F%2Fcdn.sanity.io%2Fimages%2F41pq407l%2Fproduction%2Fa93de6b90953ff332b50a85f8120805a61dfbff5-6720x4480.jpg&amp;w=3840&amp;q=75"
"education_efficient-medication-management-tips-for-prescription-drug-coverage","1","image","Efficient Medication Management: Tips for Prescription Drug Coverage","/_next/image?url=https%3A%2F%2Fcdn.sanity.io%2Fimages%2F41pq407l%2Fproduction%2Fa4ba5bf926abd59b08c1c48142dd4708deb9f04e-3840x2160.jpg&amp;w=3840&amp;q=75"
"education_efficient-medication-management-tips-for-prescription-drug-coverage","2","image","iHealth Plans","/_next/image?url=https%3A%2F%2Fcdn.sanity.io%2Fimages%2F41pq407l%2Fproduction%2F933440a30a9dfefb51a402c290db1c864229d0b4-263x265.png&amp;w=3840&amp;q=75"
"education_efficient-medication-management-tips-for-prescription-drug-coverage","3","image","Medicare and Vision Coverage","/_next/image?url=https%3A%2F%2Fcdn.sanity.io%2Fimages%2F41pq407l%2Fproduction%2Fdc0462cb0254f05d336c9dd89d54c547e9a2eee1-6720x4480.jpg&amp;w=3840&amp;q=75"
"education_efficient-medication-management-tips-for-prescription-drug-coverage","4","image","Aetna Medicare Plans and Benefits","/_next/image?url=https%3A%2F%2Fcdn.sanity.io%2Fimages%2F41pq407l%2Fproduction%2F1c7ff99109dffebf638fcb4821b252ec90692c48-4800x3200.jpg&amp;w=3840&amp;q=75"
"education_efficient-medication-management-tips-for-prescription-drug-coverage","5","image"," Eligibility Criteria for Medicare Savings Programs","/_next/image?url=https%3A%2F%2Fcdn.sanity.io%2Fimages%2F41pq407l%2Fproduction%2Fa93de6b90953ff332b50a85f8120805a61dfbff5-6720x4480.jpg&amp;w=3840&amp;q=75"
"education_eligibility-criteria-for-medicare-savings-programs","1","image"," Eligibility Criteria for Medicare Savings Programs","/_next/image?url=https%3A%2F%2Fcdn.sanity.io%2Fimages%2F41pq407l%2Fproduction%2Fa93de6b90953ff332b50a85f8120805a61dfbff5-6720x4480.jpg&amp;w=3840&amp;q=75"
"education_eligibility-criteria-for-medicare-savings-programs","2","image","iHealth Plans","/_next/image?url=https%3A%2F%2Fcdn.sanity.io%2Fimages%2F41pq407l%2Fproduction%2F933440a30a9dfefb51a402c290db1c864229d0b4-263x265.png&amp;w=3840&amp;q=75"
"education_eligibility-criteria-for-medicare-savings-programs","3","image","Medicare and Vision Coverage","/_next/image?url=https%3A%2F%2Fcdn.sanity.io%2Fimages%2F41pq407l%2Fproduction%2Fdc0462cb0254f05d336c9dd89d54c547e9a2eee1-6720x4480.jpg&amp;w=3840&amp;q=75"
"education_eligibility-criteria-for-medicare-savings-programs","4","image","Aetna Medicare Plans and Benefits","/_next/image?url=https%3A%2F%2Fcdn.sanity.io%2Fimages%2F41pq407l%2Fproduction%2F1c7ff99109dffebf638fcb4821b252ec90692c48-4800x3200.jpg&amp;w=3840&amp;q=75"
"education_eligibility-criteria-for-medicare-savings-programs","5","image","Legal Considerations in Long-Term Care Planning","/_next/image?url=https%3A%2F%2Fcdn.sanity.io%2Fimages%2F41pq407l%2Fproduction%2Fbc951f571121ef0bc80c9034b0821cc74a309a0a-3840x2160.jpg&amp;w=3840&amp;q=75"
"education_evaluating-aetna-medicare-advantage-plans","1","image","Evaluating Aetna Medicare Advantage Plans","/_next/image?url=https%3A%2F%2Fcdn.sanity.io%2Fimages%2F41pq407l%2Fproduction%2Fcd406124e0cb170c23acb1b60b9576871472f236-5641x3753.jpg&amp;w=3840&amp;q=75"
"education_evaluating-aetna-medicare-advantage-plans","2","image","iHealth Plans","/_next/image?url=https%3A%2F%2Fcdn.sanity.io%2Fimages%2F41pq407l%2Fproduction%2F933440a30a9dfefb51a402c290db1c864229d0b4-263x265.png&amp;w=3840&amp;q=75"
"education_evaluating-aetna-medicare-advantage-plans","3","image","Medicare and Vision Coverage","/_next/image?url=https%3A%2F%2Fcdn.sanity.io%2Fimages%2F41pq407l%2Fproduction%2Fdc0462cb0254f05d336c9dd89d54c547e9a2eee1-6720x4480.jpg&amp;w=3840&amp;q=75"
"education_evaluating-aetna-medicare-advantage-plans","4","image","Aetna Medicare Plans and Benefits","/_next/image?url=https%3A%2F%2Fcdn.sanity.io%2Fimages%2F41pq407l%2Fproduction%2F1c7ff99109dffebf638fcb4821b252ec90692c48-4800x3200.jpg&amp;w=3840&amp;q=75"
"education_evaluating-aetna-medicare-advantage-plans","5","image"," Eligibility Criteria for Medicare Savings Programs","/_next/image?url=https%3A%2F%2Fcdn.sanity.io%2Fimages%2F41pq407l%2Fproduction%2Fa93de6b90953ff332b50a85f8120805a61dfbff5-6720x4480.jpg&amp;w=3840&amp;q=75"
"education_evaluating-top-medicare-advantage-plans","1","image","Evaluating Top Medicare Advantage Plans","/_next/image?url=https%3A%2F%2Fcdn.sanity.io%2Fimages%2F41pq407l%2Fproduction%2Ffb0536750245a94e18ee71c8d10aa127fadc14b9-5611x3746.jpg&amp;w=3840&amp;q=75"
"education_evaluating-top-medicare-advantage-plans","2","image","iHealth Plans","/_next/image?url=https%3A%2F%2Fcdn.sanity.io%2Fimages%2F41pq407l%2Fproduction%2F933440a30a9dfefb51a402c290db1c864229d0b4-263x265.png&amp;w=3840&amp;q=75"
"education_evaluating-top-medicare-advantage-plans","3","image","Medicare and Vision Coverage","/_next/image?url=https%3A%2F%2Fcdn.sanity.io%2Fimages%2F41pq407l%2Fproduction%2Fdc0462cb0254f05d336c9dd89d54c547e9a2eee1-6720x4480.jpg&amp;w=3840&amp;q=75"
"education_evaluating-top-medicare-advantage-plans","4","image","Aetna Medicare Plans and Benefits","/_next/image?url=https%3A%2F%2Fcdn.sanity.io%2Fimages%2F41pq407l%2Fproduction%2F1c7ff99109dffebf638fcb4821b252ec90692c48-4800x3200.jpg&amp;w=3840&amp;q=75"
"education_evaluating-top-medicare-advantage-plans","5","image"," Eligibility Criteria for Medicare Savings Programs","/_next/image?url=https%3A%2F%2Fcdn.sanity.io%2Fimages%2F41pq407l%2Fproduction%2Fa93de6b90953ff332b50a85f8120805a61dfbff5-6720x4480.jpg&amp;w=3840&amp;q=75"
"education_exploring-aetna-medicare-advantage","1","image","Exploring Aetna Medicare Advantage","/_next/image?url=https%3A%2F%2Fcdn.sanity.io%2Fimages%2F41pq407l%2Fproduction%2Ff89ce3586a600d9d7a305d60346caea34c01f528-5552x2928.jpg&amp;w=3840&amp;q=75"
"education_exploring-aetna-medicare-advantage","2","image","iHealth Plans","/_next/image?url=https%3A%2F%2Fcdn.sanity.io%2Fimages%2F41pq407l%2Fproduction%2F933440a30a9dfefb51a402c290db1c864229d0b4-263x265.png&amp;w=3840&amp;q=75"
"education_exploring-aetna-medicare-advantage","3","image","Medicare and Vision Coverage","/_next/image?url=https%3A%2F%2Fcdn.sanity.io%2Fimages%2F41pq407l%2Fproduction%2Fdc0462cb0254f05d336c9dd89d54c547e9a2eee1-6720x4480.jpg&amp;w=3840&amp;q=75"
"education_exploring-aetna-medicare-advantage","4","image","Aetna Medicare Plans and Benefits","/_next/image?url=https%3A%2F%2Fcdn.sanity.io%2Fimages%2F41pq407l%2Fproduction%2F1c7ff99109dffebf638fcb4821b252ec90692c48-4800x3200.jpg&amp;w=3840&amp;q=75"
"education_exploring-aetna-medicare-advantage","5","image"," Eligibility Criteria for Medicare Savings Programs","/_next/image?url=https%3A%2F%2Fcdn.sanity.io%2Fimages%2F41pq407l%2Fproduction%2Fa93de6b90953ff332b50a85f8120805a61dfbff5-6720x4480.jpg&amp;w=3840&amp;q=75"
"education_exploring-diverse-medicare-health-plans","1","image","Exploring Diverse Medicare Health Plans","/_next/image?url=https%3A%2F%2Fcdn.sanity.io%2Fimages%2F41pq407l%2Fproduction%2Fcd406124e0cb170c23acb1b60b9576871472f236-5641x3753.jpg&amp;w=3840&amp;q=75"
"education_exploring-diverse-medicare-health-plans","2","image","iHealth Plans","/_next/image?url=https%3A%2F%2Fcdn.sanity.io%2Fimages%2F41pq407l%2Fproduction%2F933440a30a9dfefb51a402c290db1c864229d0b4-263x265.png&amp;w=3840&amp;q=75"
"education_exploring-diverse-medicare-health-plans","3","image","Medicare and Vision Coverage","/_next/image?url=https%3A%2F%2Fcdn.sanity.io%2Fimages%2F41pq407l%2Fproduction%2Fdc0462cb0254f05d336c9dd89d54c547e9a2eee1-6720x4480.jpg&amp;w=3840&amp;q=75"
"education_exploring-diverse-medicare-health-plans","4","image","Aetna Medicare Plans and Benefits","/_next/image?url=https%3A%2F%2Fcdn.sanity.io%2Fimages%2F41pq407l%2Fproduction%2F1c7ff99109dffebf638fcb4821b252ec90692c48-4800x3200.jpg&amp;w=3840&amp;q=75"
"education_exploring-diverse-medicare-health-plans","5","image"," Eligibility Criteria for Medicare Savings Programs","/_next/image?url=https%3A%2F%2Fcdn.sanity.io%2Fimages%2F41pq407l%2Fproduction%2Fa93de6b90953ff332b50a85f8120805a61dfbff5-6720x4480.jpg&amp;w=3840&amp;q=75"
"education_exploring-humana-medicare-replacement-plans","1","image"," Exploring Humana Medicare Replacement Plans","/_next/image?url=https%3A%2F%2Fcdn.sanity.io%2Fimages%2F41pq407l%2Fproduction%2Fce75aad1ac11160174c3ac56001caaec146c3e12-8660x5774.jpg&amp;w=3840&amp;q=75"
"education_exploring-humana-medicare-replacement-plans","2","image","iHealth Plans","/_next/image?url=https%3A%2F%2Fcdn.sanity.io%2Fimages%2F41pq407l%2Fproduction%2F933440a30a9dfefb51a402c290db1c864229d0b4-263x265.png&amp;w=3840&amp;q=75"
"education_exploring-humana-medicare-replacement-plans","3","image","Medicare and Vision Coverage","/_next/image?url=https%3A%2F%2Fcdn.sanity.io%2Fimages%2F41pq407l%2Fproduction%2Fdc0462cb0254f05d336c9dd89d54c547e9a2eee1-6720x4480.jpg&amp;w=3840&amp;q=75"
"education_exploring-humana-medicare-replacement-plans","4","image","Aetna Medicare Plans and Benefits","/_next/image?url=https%3A%2F%2Fcdn.sanity.io%2Fimages%2F41pq407l%2Fproduction%2F1c7ff99109dffebf638fcb4821b252ec90692c48-4800x3200.jpg&amp;w=3840&amp;q=75"
"education_exploring-humana-medicare-replacement-plans","5","image"," Eligibility Criteria for Medicare Savings Programs","/_next/image?url=https%3A%2F%2Fcdn.sanity.io%2Fimages%2F41pq407l%2Fproduction%2Fa93de6b90953ff332b50a85f8120805a61dfbff5-6720x4480.jpg&amp;w=3840&amp;q=75"
"education_exploring-medicare-advantage-a-comprehensive-overview","1","image","Exploring Medicare Advantage: A Comprehensive Overview","/_next/image?url=https%3A%2F%2Fcdn.sanity.io%2Fimages%2F41pq407l%2Fproduction%2Fd4f29d383fbdb44da149936f3f4d9c9332703792-6720x4480.jpg&amp;w=3840&amp;q=75"
"education_exploring-medicare-advantage-a-comprehensive-overview","2","image","iHealth Plans","/_next/image?url=https%3A%2F%2Fcdn.sanity.io%2Fimages%2F41pq407l%2Fproduction%2F933440a30a9dfefb51a402c290db1c864229d0b4-263x265.png&amp;w=3840&amp;q=75"
"education_exploring-medicare-advantage-a-comprehensive-overview","3","image","Medicare and Vision Coverage","/_next/image?url=https%3A%2F%2Fcdn.sanity.io%2Fimages%2F41pq407l%2Fproduction%2Fdc0462cb0254f05d336c9dd89d54c547e9a2eee1-6720x4480.jpg&amp;w=3840&amp;q=75"
"education_exploring-medicare-advantage-a-comprehensive-overview","4","image","Aetna Medicare Plans and Benefits","/_next/image?url=https%3A%2F%2Fcdn.sanity.io%2Fimages%2F41pq407l%2Fproduction%2F1c7ff99109dffebf638fcb4821b252ec90692c48-4800x3200.jpg&amp;w=3840&amp;q=75"
"education_exploring-medicare-advantage-a-comprehensive-overview","5","image"," Eligibility Criteria for Medicare Savings Programs","/_next/image?url=https%3A%2F%2Fcdn.sanity.io%2Fimages%2F41pq407l%2Fproduction%2Fa93de6b90953ff332b50a85f8120805a61dfbff5-6720x4480.jpg&amp;w=3840&amp;q=75"
"education_exploring-medicare-advantage-plans","1","image","Exploring Medicare Advantage Plans","/_next/image?url=https%3A%2F%2Fcdn.sanity.io%2Fimages%2F41pq407l%2Fproduction%2Fdc0462cb0254f05d336c9dd89d54c547e9a2eee1-6720x4480.jpg&amp;w=3840&amp;q=75"
"education_exploring-medicare-advantage-plans","2","image","iHealth Plans","/_next/image?url=https%3A%2F%2Fcdn.sanity.io%2Fimages%2F41pq407l%2Fproduction%2F933440a30a9dfefb51a402c290db1c864229d0b4-263x265.png&amp;w=3840&amp;q=75"
"education_exploring-medicare-advantage-plans","3","image","Medicare and Vision Coverage","/_next/image?url=https%3A%2F%2Fcdn.sanity.io%2Fimages%2F41pq407l%2Fproduction%2Fdc0462cb0254f05d336c9dd89d54c547e9a2eee1-6720x4480.jpg&amp;w=3840&amp;q=75"
"education_exploring-medicare-advantage-plans","4","image","Aetna Medicare Plans and Benefits","/_next/image?url=https%3A%2F%2Fcdn.sanity.io%2Fimages%2F41pq407l%2Fproduction%2F1c7ff99109dffebf638fcb4821b252ec90692c48-4800x3200.jpg&amp;w=3840&amp;q=75"
"education_exploring-medicare-advantage-plans","5","image"," Eligibility Criteria for Medicare Savings Programs","/_next/image?url=https%3A%2F%2Fcdn.sanity.io%2Fimages%2F41pq407l%2Fproduction%2Fa93de6b90953ff332b50a85f8120805a61dfbff5-6720x4480.jpg&amp;w=3840&amp;q=75"
"education_exploring-medicare-c-coverage-options","1","image","Exploring Medicare C Coverage Options","/_next/image?url=https%3A%2F%2Fcdn.sanity.io%2Fimages%2F41pq407l%2Fproduction%2F54ad991604e6b788fdf37496208d64c49045da92-6720x4480.jpg&amp;w=3840&amp;q=75"
"education_exploring-medicare-c-coverage-options","2","image","iHealth Plans","/_next/image?url=https%3A%2F%2Fcdn.sanity.io%2Fimages%2F41pq407l%2Fproduction%2F933440a30a9dfefb51a402c290db1c864229d0b4-263x265.png&amp;w=3840&amp;q=75"
"education_exploring-medicare-c-coverage-options","3","image","Medicare and Vision Coverage","/_next/image?url=https%3A%2F%2Fcdn.sanity.io%2Fimages%2F41pq407l%2Fproduction%2Fdc0462cb0254f05d336c9dd89d54c547e9a2eee1-6720x4480.jpg&amp;w=3840&amp;q=75"
"education_exploring-medicare-c-coverage-options","4","image","Aetna Medicare Plans and Benefits","/_next/image?url=https%3A%2F%2Fcdn.sanity.io%2Fimages%2F41pq407l%2Fproduction%2F1c7ff99109dffebf638fcb4821b252ec90692c48-4800x3200.jpg&amp;w=3840&amp;q=75"
"education_exploring-medicare-c-coverage-options","5","image"," Eligibility Criteria for Medicare Savings Programs","/_next/image?url=https%3A%2F%2Fcdn.sanity.io%2Fimages%2F41pq407l%2Fproduction%2Fa93de6b90953ff332b50a85f8120805a61dfbff5-6720x4480.jpg&amp;w=3840&amp;q=75"
"education_exploring-medicare-health-plans","1","image","Exploring Medicare Health Plans","/_next/image?url=https%3A%2F%2Fcdn.sanity.io%2Fimages%2F41pq407l%2Fproduction%2F46e913e910bb3c35a5e40c71d13b49d99218fc27-5600x3733.jpg&amp;w=3840&amp;q=75"
"education_exploring-medicare-health-plans","2","image","iHealth Plans","/_next/image?url=https%3A%2F%2Fcdn.sanity.io%2Fimages%2F41pq407l%2Fproduction%2F933440a30a9dfefb51a402c290db1c864229d0b4-263x265.png&amp;w=3840&amp;q=75"
"education_exploring-medicare-health-plans","3","image","Medicare and Vision Coverage","/_next/image?url=https%3A%2F%2Fcdn.sanity.io%2Fimages%2F41pq407l%2Fproduction%2Fdc0462cb0254f05d336c9dd89d54c547e9a2eee1-6720x4480.jpg&amp;w=3840&amp;q=75"
"education_exploring-medicare-health-plans","4","image","Aetna Medicare Plans and Benefits","/_next/image?url=https%3A%2F%2Fcdn.sanity.io%2Fimages%2F41pq407l%2Fproduction%2F1c7ff99109dffebf638fcb4821b252ec90692c48-4800x3200.jpg&amp;w=3840&amp;q=75"
"education_exploring-medicare-health-plans","5","image"," Eligibility Criteria for Medicare Savings Programs","/_next/image?url=https%3A%2F%2Fcdn.sanity.io%2Fimages%2F41pq407l%2Fproduction%2Fa93de6b90953ff332b50a85f8120805a61dfbff5-6720x4480.jpg&amp;w=3840&amp;q=75"
"education_exploring-medicare-plan-c-options","1","image","Exploring Medicare Plan C Options","/_next/image?url=https%3A%2F%2Fcdn.sanity.io%2Fimages%2F41pq407l%2Fproduction%2Ffb0536750245a94e18ee71c8d10aa127fadc14b9-5611x3746.jpg&amp;w=3840&amp;q=75"
"education_exploring-medicare-plan-c-options","2","image","iHealth Plans","/_next/image?url=https%3A%2F%2Fcdn.sanity.io%2Fimages%2F41pq407l%2Fproduction%2F933440a30a9dfefb51a402c290db1c864229d0b4-263x265.png&amp;w=3840&amp;q=75"
"education_exploring-medicare-plan-c-options","3","image","Medicare and Vision Coverage","/_next/image?url=https%3A%2F%2Fcdn.sanity.io%2Fimages%2F41pq407l%2Fproduction%2Fdc0462cb0254f05d336c9dd89d54c547e9a2eee1-6720x4480.jpg&amp;w=3840&amp;q=75"
"education_exploring-medicare-plan-c-options","4","image","Aetna Medicare Plans and Benefits","/_next/image?url=https%3A%2F%2Fcdn.sanity.io%2Fimages%2F41pq407l%2Fproduction%2F1c7ff99109dffebf638fcb4821b252ec90692c48-4800x3200.jpg&amp;w=3840&amp;q=75"
"education_exploring-medicare-plan-c-options","5","image"," Eligibility Criteria for Medicare Savings Programs","/_next/image?url=https%3A%2F%2Fcdn.sanity.io%2Fimages%2F41pq407l%2Fproduction%2Fa93de6b90953ff332b50a85f8120805a61dfbff5-6720x4480.jpg&amp;w=3840&amp;q=75"
"education_exploring-medicare-plan-c","1","image","Exploring Medicare Plan C","/_next/image?url=https%3A%2F%2Fcdn.sanity.io%2Fimages%2F41pq407l%2Fproduction%2F1c7ff99109dffebf638fcb4821b252ec90692c48-4800x3200.jpg&amp;w=3840&amp;q=75"
"education_exploring-medicare-plan-c","2","image","iHealth Plans","/_next/image?url=https%3A%2F%2Fcdn.sanity.io%2Fimages%2F41pq407l%2Fproduction%2F933440a30a9dfefb51a402c290db1c864229d0b4-263x265.png&amp;w=3840&amp;q=75"
"education_exploring-medicare-plan-c","3","image","Medicare and Vision Coverage","/_next/image?url=https%3A%2F%2Fcdn.sanity.io%2Fimages%2F41pq407l%2Fproduction%2Fdc0462cb0254f05d336c9dd89d54c547e9a2eee1-6720x4480.jpg&amp;w=3840&amp;q=75"
"education_exploring-medicare-plan-c","4","image","Aetna Medicare Plans and Benefits","/_next/image?url=https%3A%2F%2Fcdn.sanity.io%2Fimages%2F41pq407l%2Fproduction%2F1c7ff99109dffebf638fcb4821b252ec90692c48-4800x3200.jpg&amp;w=3840&amp;q=75"
"education_exploring-medicare-plan-c","5","image"," Eligibility Criteria for Medicare Savings Programs","/_next/image?url=https%3A%2F%2Fcdn.sanity.io%2Fimages%2F41pq407l%2Fproduction%2Fa93de6b90953ff332b50a85f8120805a61dfbff5-6720x4480.jpg&amp;w=3840&amp;q=75"
"education_exploring-unitedhealthcare-medicare-advantage-options","1","image","Exploring UnitedHealthcare Medicare Advantage Options","/_next/image?url=https%3A%2F%2Fcdn.sanity.io%2Fimages%2F41pq407l%2Fproduction%2F46e913e910bb3c35a5e40c71d13b49d99218fc27-5600x3733.jpg&amp;w=3840&amp;q=75"
"education_exploring-unitedhealthcare-medicare-advantage-options","2","image","iHealth Plans","/_next/image?url=https%3A%2F%2Fcdn.sanity.io%2Fimages%2F41pq407l%2Fproduction%2F933440a30a9dfefb51a402c290db1c864229d0b4-263x265.png&amp;w=3840&amp;q=75"
"education_exploring-unitedhealthcare-medicare-advantage-options","3","image","Medicare and Vision Coverage","/_next/image?url=https%3A%2F%2Fcdn.sanity.io%2Fimages%2F41pq407l%2Fproduction%2Fdc0462cb0254f05d336c9dd89d54c547e9a2eee1-6720x4480.jpg&amp;w=3840&amp;q=75"
"education_exploring-unitedhealthcare-medicare-advantage-options","4","image","Aetna Medicare Plans and Benefits","/_next/image?url=https%3A%2F%2Fcdn.sanity.io%2Fimages%2F41pq407l%2Fproduction%2F1c7ff99109dffebf638fcb4821b252ec90692c48-4800x3200.jpg&amp;w=3840&amp;q=75"
"education_exploring-unitedhealthcare-medicare-advantage-options","5","image"," Eligibility Criteria for Medicare Savings Programs","/_next/image?url=https%3A%2F%2Fcdn.sanity.io%2Fimages%2F41pq407l%2Fproduction%2Fa93de6b90953ff332b50a85f8120805a61dfbff5-6720x4480.jpg&amp;w=3840&amp;q=75"
"education_family-health-security-building-a-shield-with-comprehensive-health-insurance","1","image","Family Health Security: Building a Shield with Comprehensive Health Insurance","/_next/image?url=https%3A%2F%2Fcdn.sanity.io%2Fimages%2F41pq407l%2Fproduction%2Fb9dadbd4081656a3bdd242c242d49d77171e25e1-6000x4000.jpg&amp;w=3840&amp;q=75"
"education_family-health-security-building-a-shield-with-comprehensive-health-insurance","2","image","iHealth Plans","/_next/image?url=https%3A%2F%2Fcdn.sanity.io%2Fimages%2F41pq407l%2Fproduction%2F933440a30a9dfefb51a402c290db1c864229d0b4-263x265.png&amp;w=3840&amp;q=75"
"education_family-health-security-building-a-shield-with-comprehensive-health-insurance","3","image","Medicare and Vision Coverage","/_next/image?url=https%3A%2F%2Fcdn.sanity.io%2Fimages%2F41pq407l%2Fproduction%2Fdc0462cb0254f05d336c9dd89d54c547e9a2eee1-6720x4480.jpg&amp;w=3840&amp;q=75"
"education_family-health-security-building-a-shield-with-comprehensive-health-insurance","4","image","Aetna Medicare Plans and Benefits","/_next/image?url=https%3A%2F%2Fcdn.sanity.io%2Fimages%2F41pq407l%2Fproduction%2F1c7ff99109dffebf638fcb4821b252ec90692c48-4800x3200.jpg&amp;w=3840&amp;q=75"
"education_family-health-security-building-a-shield-with-comprehensive-health-insurance","5","image"," Eligibility Criteria for Medicare Savings Programs","/_next/image?url=https%3A%2F%2Fcdn.sanity.io%2Fimages%2F41pq407l%2Fproduction%2Fa93de6b90953ff332b50a85f8120805a61dfbff5-6720x4480.jpg&amp;w=3840&amp;q=75"
"education_high-rated-medicare-advantage-plans","1","image","High-Rated Medicare Advantage Plans","/_next/image?url=https%3A%2F%2Fcdn.sanity.io%2Fimages%2F41pq407l%2Fproduction%2F580f7589e2ee563295f43eaa433178291bb3d628-8192x5464.jpg&amp;w=3840&amp;q=75"
"education_high-rated-medicare-advantage-plans","2","image","iHealth Plans","/_next/image?url=https%3A%2F%2Fcdn.sanity.io%2Fimages%2F41pq407l%2Fproduction%2F933440a30a9dfefb51a402c290db1c864229d0b4-263x265.png&amp;w=3840&amp;q=75"
"education_high-rated-medicare-advantage-plans","3","image","Medicare and Vision Coverage","/_next/image?url=https%3A%2F%2Fcdn.sanity.io%2Fimages%2F41pq407l%2Fproduction%2Fdc0462cb0254f05d336c9dd89d54c547e9a2eee1-6720x4480.jpg&amp;w=3840&amp;q=75"
"education_high-rated-medicare-advantage-plans","4","image","Aetna Medicare Plans and Benefits","/_next/image?url=https%3A%2F%2Fcdn.sanity.io%2Fimages%2F41pq407l%2Fproduction%2F1c7ff99109dffebf638fcb4821b252ec90692c48-4800x3200.jpg&amp;w=3840&amp;q=75"
"education_high-rated-medicare-advantage-plans","5","image"," Eligibility Criteria for Medicare Savings Programs","/_next/image?url=https%3A%2F%2Fcdn.sanity.io%2Fimages%2F41pq407l%2Fproduction%2Fa93de6b90953ff332b50a85f8120805a61dfbff5-6720x4480.jpg&amp;w=3840&amp;q=75"
"education_humana-advantage-plan-overview","1","image","Humana Advantage Plan Overview","/_next/image?url=https%3A%2F%2Fcdn.sanity.io%2Fimages%2F41pq407l%2Fproduction%2F46e913e910bb3c35a5e40c71d13b49d99218fc27-5600x3733.jpg&amp;w=3840&amp;q=75"
"education_humana-advantage-plan-overview","2","image","iHealth Plans","/_next/image?url=https%3A%2F%2Fcdn.sanity.io%2Fimages%2F41pq407l%2Fproduction%2F933440a30a9dfefb51a402c290db1c864229d0b4-263x265.png&amp;w=3840&amp;q=75"
"education_humana-advantage-plan-overview","3","image","Medicare and Vision Coverage","/_next/image?url=https%3A%2F%2Fcdn.sanity.io%2Fimages%2F41pq407l%2Fproduction%2Fdc0462cb0254f05d336c9dd89d54c547e9a2eee1-6720x4480.jpg&amp;w=3840&amp;q=75"
"education_humana-advantage-plan-overview","4","image","Aetna Medicare Plans and Benefits","/_next/image?url=https%3A%2F%2Fcdn.sanity.io%2Fimages%2F41pq407l%2Fproduction%2F1c7ff99109dffebf638fcb4821b252ec90692c48-4800x3200.jpg&amp;w=3840&amp;q=75"
"education_humana-advantage-plan-overview","5","image"," Eligibility Criteria for Medicare Savings Programs","/_next/image?url=https%3A%2F%2Fcdn.sanity.io%2Fimages%2F41pq407l%2Fproduction%2Fa93de6b90953ff332b50a85f8120805a61dfbff5-6720x4480.jpg&amp;w=3840&amp;q=75"
"education_humana-and-medicare-coverage","1","image","Humana and Medicare Coverage","/_next/image?url=https%3A%2F%2Fcdn.sanity.io%2Fimages%2F41pq407l%2Fproduction%2Fce75aad1ac11160174c3ac56001caaec146c3e12-8660x5774.jpg&amp;w=3840&amp;q=75"
"education_humana-and-medicare-coverage","2","image","iHealth Plans","/_next/image?url=https%3A%2F%2Fcdn.sanity.io%2Fimages%2F41pq407l%2Fproduction%2F933440a30a9dfefb51a402c290db1c864229d0b4-263x265.png&amp;w=3840&amp;q=75"
"education_humana-and-medicare-coverage","3","image","Medicare and Vision Coverage","/_next/image?url=https%3A%2F%2Fcdn.sanity.io%2Fimages%2F41pq407l%2Fproduction%2Fdc0462cb0254f05d336c9dd89d54c547e9a2eee1-6720x4480.jpg&amp;w=3840&amp;q=75"
"education_humana-and-medicare-coverage","4","image","Aetna Medicare Plans and Benefits","/_next/image?url=https%3A%2F%2Fcdn.sanity.io%2Fimages%2F41pq407l%2Fproduction%2F1c7ff99109dffebf638fcb4821b252ec90692c48-4800x3200.jpg&amp;w=3840&amp;q=75"
"education_humana-and-medicare-coverage","5","image"," Eligibility Criteria for Medicare Savings Programs","/_next/image?url=https%3A%2F%2Fcdn.sanity.io%2Fimages%2F41pq407l%2Fproduction%2Fa93de6b90953ff332b50a85f8120805a61dfbff5-6720x4480.jpg&amp;w=3840&amp;q=75"
"education_humana-medicare-advantage-benefits","1","image","Humana Medicare Advantage Benefits","/_next/image?url=https%3A%2F%2Fcdn.sanity.io%2Fimages%2F41pq407l%2Fproduction%2F1c7ff99109dffebf638fcb4821b252ec90692c48-4800x3200.jpg&amp;w=3840&amp;q=75"
"education_humana-medicare-advantage-benefits","2","image","iHealth Plans","/_next/image?url=https%3A%2F%2Fcdn.sanity.io%2Fimages%2F41pq407l%2Fproduction%2F933440a30a9dfefb51a402c290db1c864229d0b4-263x265.png&amp;w=3840&amp;q=75"
"education_humana-medicare-advantage-benefits","3","image","Medicare and Vision Coverage","/_next/image?url=https%3A%2F%2Fcdn.sanity.io%2Fimages%2F41pq407l%2Fproduction%2Fdc0462cb0254f05d336c9dd89d54c547e9a2eee1-6720x4480.jpg&amp;w=3840&amp;q=75"
"education_humana-medicare-advantage-benefits","4","image","Aetna Medicare Plans and Benefits","/_next/image?url=https%3A%2F%2Fcdn.sanity.io%2Fimages%2F41pq407l%2Fproduction%2F1c7ff99109dffebf638fcb4821b252ec90692c48-4800x3200.jpg&amp;w=3840&amp;q=75"
"education_humana-medicare-advantage-benefits","5","image"," Eligibility Criteria for Medicare Savings Programs","/_next/image?url=https%3A%2F%2Fcdn.sanity.io%2Fimages%2F41pq407l%2Fproduction%2Fa93de6b90953ff332b50a85f8120805a61dfbff5-6720x4480.jpg&amp;w=3840&amp;q=75"
"education_humana-medicare-advantage-plans-benefits","1","image","Humana Medicare Advantage Plans Benefits","/_next/image?url=https%3A%2F%2Fcdn.sanity.io%2Fimages%2F41pq407l%2Fproduction%2Ffb0536750245a94e18ee71c8d10aa127fadc14b9-5611x3746.jpg&amp;w=3840&amp;q=75"
"education_humana-medicare-advantage-plans-benefits","2","image","iHealth Plans","/_next/image?url=https%3A%2F%2Fcdn.sanity.io%2Fimages%2F41pq407l%2Fproduction%2F933440a30a9dfefb51a402c290db1c864229d0b4-263x265.png&amp;w=3840&amp;q=75"
"education_humana-medicare-advantage-plans-benefits","3","image","Medicare and Vision Coverage","/_next/image?url=https%3A%2F%2Fcdn.sanity.io%2Fimages%2F41pq407l%2Fproduction%2Fdc0462cb0254f05d336c9dd89d54c547e9a2eee1-6720x4480.jpg&amp;w=3840&amp;q=75"
"education_humana-medicare-advantage-plans-benefits","4","image","Aetna Medicare Plans and Benefits","/_next/image?url=https%3A%2F%2Fcdn.sanity.io%2Fimages%2F41pq407l%2Fproduction%2F1c7ff99109dffebf638fcb4821b252ec90692c48-4800x3200.jpg&amp;w=3840&amp;q=75"
"education_humana-medicare-advantage-plans-benefits","5","image"," Eligibility Criteria for Medicare Savings Programs","/_next/image?url=https%3A%2F%2Fcdn.sanity.io%2Fimages%2F41pq407l%2Fproduction%2Fa93de6b90953ff332b50a85f8120805a61dfbff5-6720x4480.jpg&amp;w=3840&amp;q=75"
"education_humana-medicare-advantage-plans-overview","1","image","Humana Medicare Advantage Plans Overview","/_next/image?url=https%3A%2F%2Fcdn.sanity.io%2Fimages%2F41pq407l%2Fproduction%2F12c5977a3ae73717922131a47c715d579be9a15a-7422x5283.jpg&amp;w=3840&amp;q=75"
"education_humana-medicare-advantage-plans-overview","2","image","iHealth Plans","/_next/image?url=https%3A%2F%2Fcdn.sanity.io%2Fimages%2F41pq407l%2Fproduction%2F933440a30a9dfefb51a402c290db1c864229d0b4-263x265.png&amp;w=3840&amp;q=75"
"education_humana-medicare-advantage-plans-overview","3","image","Medicare and Vision Coverage","/_next/image?url=https%3A%2F%2Fcdn.sanity.io%2Fimages%2F41pq407l%2Fproduction%2Fdc0462cb0254f05d336c9dd89d54c547e9a2eee1-6720x4480.jpg&amp;w=3840&amp;q=75"
"education_humana-medicare-advantage-plans-overview","4","image","Aetna Medicare Plans and Benefits","/_next/image?url=https%3A%2F%2Fcdn.sanity.io%2Fimages%2F41pq407l%2Fproduction%2F1c7ff99109dffebf638fcb4821b252ec90692c48-4800x3200.jpg&amp;w=3840&amp;q=75"
"education_humana-medicare-advantage-plans-overview","5","image"," Eligibility Criteria for Medicare Savings Programs","/_next/image?url=https%3A%2F%2Fcdn.sanity.io%2Fimages%2F41pq407l%2Fproduction%2Fa93de6b90953ff332b50a85f8120805a61dfbff5-6720x4480.jpg&amp;w=3840&amp;q=75"
"education_humana-medicare-replacement-plans","1","image","Humana Medicare Replacement Plans","/_next/image?url=https%3A%2F%2Fcdn.sanity.io%2Fimages%2F41pq407l%2Fproduction%2Fdc0462cb0254f05d336c9dd89d54c547e9a2eee1-6720x4480.jpg&amp;w=3840&amp;q=75"
"education_humana-medicare-replacement-plans","2","image","iHealth Plans","/_next/image?url=https%3A%2F%2Fcdn.sanity.io%2Fimages%2F41pq407l%2Fproduction%2F933440a30a9dfefb51a402c290db1c864229d0b4-263x265.png&amp;w=3840&amp;q=75"
"education_humana-medicare-replacement-plans","3","image","Medicare and Vision Coverage","/_next/image?url=https%3A%2F%2Fcdn.sanity.io%2Fimages%2F41pq407l%2Fproduction%2Fdc0462cb0254f05d336c9dd89d54c547e9a2eee1-6720x4480.jpg&amp;w=3840&amp;q=75"
"education_humana-medicare-replacement-plans","4","image","Aetna Medicare Plans and Benefits","/_next/image?url=https%3A%2F%2Fcdn.sanity.io%2Fimages%2F41pq407l%2Fproduction%2F1c7ff99109dffebf638fcb4821b252ec90692c48-4800x3200.jpg&amp;w=3840&amp;q=75"
"education_humana-medicare-replacement-plans","5","image"," Eligibility Criteria for Medicare Savings Programs","/_next/image?url=https%3A%2F%2Fcdn.sanity.io%2Fimages%2F41pq407l%2Fproduction%2Fa93de6b90953ff332b50a85f8120805a61dfbff5-6720x4480.jpg&amp;w=3840&amp;q=75"
"education_ihealth-plans-for-medicare-and-long-term-care","1","image","iHealth Plans for Medicare and Long-Term Care","/_next/image?url=https%3A%2F%2Fcdn.sanity.io%2Fimages%2F41pq407l%2Fproduction%2Fd7cbfddb52544a87624a441b818aeb18e7839fd9-1792x1024.webp&amp;w=3840&amp;q=75"
"education_ihealth-plans-for-medicare-and-long-term-care","2","image","iHealth Plans","/_next/image?url=https%3A%2F%2Fcdn.sanity.io%2Fimages%2F41pq407l%2Fproduction%2F933440a30a9dfefb51a402c290db1c864229d0b4-263x265.png&amp;w=3840&amp;q=75"
"education_ihealth-plans-for-medicare-and-long-term-care","3","image","Medicare and Vision Coverage","/_next/image?url=https%3A%2F%2Fcdn.sanity.io%2Fimages%2F41pq407l%2Fproduction%2Fdc0462cb0254f05d336c9dd89d54c547e9a2eee1-6720x4480.jpg&amp;w=3840&amp;q=75"
"education_ihealth-plans-for-medicare-and-long-term-care","4","image","Aetna Medicare Plans and Benefits","/_next/image?url=https%3A%2F%2Fcdn.sanity.io%2Fimages%2F41pq407l%2Fproduction%2F1c7ff99109dffebf638fcb4821b252ec90692c48-4800x3200.jpg&amp;w=3840&amp;q=75"
"education_ihealth-plans-for-medicare-and-long-term-care","5","image"," Eligibility Criteria for Medicare Savings Programs","/_next/image?url=https%3A%2F%2Fcdn.sanity.io%2Fimages%2F41pq407l%2Fproduction%2Fa93de6b90953ff332b50a85f8120805a61dfbff5-6720x4480.jpg&amp;w=3840&amp;q=75"
"education_ihealth-plans-medicare-and-diabetes-management","1","image","iHealth Plans: Medicare and Diabetes Management","/_next/image?url=https%3A%2F%2Fcdn.sanity.io%2Fimages%2F41pq407l%2Fproduction%2Fa91cd582bf175ff137de82ac9326a888199b51c9-1792x1024.webp&amp;w=3840&amp;q=75"
"education_ihealth-plans-medicare-and-diabetes-management","2","image","iHealth Plans","/_next/image?url=https%3A%2F%2Fcdn.sanity.io%2Fimages%2F41pq407l%2Fproduction%2F933440a30a9dfefb51a402c290db1c864229d0b4-263x265.png&amp;w=3840&amp;q=75"
"education_ihealth-plans-medicare-and-diabetes-management","3","image","Medicare and Vision Coverage","/_next/image?url=https%3A%2F%2Fcdn.sanity.io%2Fimages%2F41pq407l%2Fproduction%2Fdc0462cb0254f05d336c9dd89d54c547e9a2eee1-6720x4480.jpg&amp;w=3840&amp;q=75"
"education_ihealth-plans-medicare-and-diabetes-management","4","image","Aetna Medicare Plans and Benefits","/_next/image?url=https%3A%2F%2Fcdn.sanity.io%2Fimages%2F41pq407l%2Fproduction%2F1c7ff99109dffebf638fcb4821b252ec90692c48-4800x3200.jpg&amp;w=3840&amp;q=75"
"education_ihealth-plans-medicare-and-diabetes-management","5","image"," Eligibility Criteria for Medicare Savings Programs","/_next/image?url=https%3A%2F%2Fcdn.sanity.io%2Fimages%2F41pq407l%2Fproduction%2Fa93de6b90953ff332b50a85f8120805a61dfbff5-6720x4480.jpg&amp;w=3840&amp;q=75"
"education_ihealth-plans-medicare-and-emergency-care-coverage","1","image","iHealth Plans: Medicare and Emergency Care Coverage","/_next/image?url=https%3A%2F%2Fcdn.sanity.io%2Fimages%2F41pq407l%2Fproduction%2F81c3dc57734f1f8468029351b53eb7d7d0788b06-1792x1024.webp&amp;w=3840&amp;q=75"
"education_ihealth-plans-medicare-and-emergency-care-coverage","2","image","iHealth Plans","/_next/image?url=https%3A%2F%2Fcdn.sanity.io%2Fimages%2F41pq407l%2Fproduction%2F933440a30a9dfefb51a402c290db1c864229d0b4-263x265.png&amp;w=3840&amp;q=75"
"education_ihealth-plans-medicare-and-emergency-care-coverage","3","image","Medicare and Vision Coverage","/_next/image?url=https%3A%2F%2Fcdn.sanity.io%2Fimages%2F41pq407l%2Fproduction%2Fdc0462cb0254f05d336c9dd89d54c547e9a2eee1-6720x4480.jpg&amp;w=3840&amp;q=75"
"education_ihealth-plans-medicare-and-emergency-care-coverage","4","image","Aetna Medicare Plans and Benefits","/_next/image?url=https%3A%2F%2Fcdn.sanity.io%2Fimages%2F41pq407l%2Fproduction%2F1c7ff99109dffebf638fcb4821b252ec90692c48-4800x3200.jpg&amp;w=3840&amp;q=75"
"education_ihealth-plans-medicare-and-emergency-care-coverage","5","image"," Eligibility Criteria for Medicare Savings Programs","/_next/image?url=https%3A%2F%2Fcdn.sanity.io%2Fimages%2F41pq407l%2Fproduction%2Fa93de6b90953ff332b50a85f8120805a61dfbff5-6720x4480.jpg&amp;w=3840&amp;q=75"
"education_ihealth-plans-medicare-and-fitness-benefits","1","image","iHealth Plans: Medicare and Fitness Benefits","/_next/image?url=https%3A%2F%2Fcdn.sanity.io%2Fimages%2F41pq407l%2Fproduction%2F6b15ec85dcd3e746bcc44e885083e15b87cc862b-1792x1024.webp&amp;w=3840&amp;q=75"
"education_ihealth-plans-medicare-and-fitness-benefits","2","image","iHealth Plans","/_next/image?url=https%3A%2F%2Fcdn.sanity.io%2Fimages%2F41pq407l%2Fproduction%2F933440a30a9dfefb51a402c290db1c864229d0b4-263x265.png&amp;w=3840&amp;q=75"
"education_ihealth-plans-medicare-and-fitness-benefits","3","image","Medicare and Vision Coverage","/_next/image?url=https%3A%2F%2Fcdn.sanity.io%2Fimages%2F41pq407l%2Fproduction%2Fdc0462cb0254f05d336c9dd89d54c547e9a2eee1-6720x4480.jpg&amp;w=3840&amp;q=75"
"education_ihealth-plans-medicare-and-fitness-benefits","4","image","Aetna Medicare Plans and Benefits","/_next/image?url=https%3A%2F%2Fcdn.sanity.io%2Fimages%2F41pq407l%2Fproduction%2F1c7ff99109dffebf638fcb4821b252ec90692c48-4800x3200.jpg&amp;w=3840&amp;q=75"
"education_ihealth-plans-medicare-and-fitness-benefits","5","image"," Eligibility Criteria for Medicare Savings Programs","/_next/image?url=https%3A%2F%2Fcdn.sanity.io%2Fimages%2F41pq407l%2Fproduction%2Fa93de6b90953ff332b50a85f8120805a61dfbff5-6720x4480.jpg&amp;w=3840&amp;q=75"
"education_ihealth-plans-medicare-and-hearing-coverage","1","image","iHealth Plans: Medicare and Hearing Coverage","/_next/image?url=https%3A%2F%2Fcdn.sanity.io%2Fimages%2F41pq407l%2Fproduction%2F869e602dc753264352812ea0b34bd1c9347f008c-1792x1024.webp&amp;w=3840&amp;q=75"
"education_ihealth-plans-medicare-and-hearing-coverage","2","image","iHealth Plans","/_next/image?url=https%3A%2F%2Fcdn.sanity.io%2Fimages%2F41pq407l%2Fproduction%2F933440a30a9dfefb51a402c290db1c864229d0b4-263x265.png&amp;w=3840&amp;q=75"
"education_ihealth-plans-medicare-and-hearing-coverage","3","image","Medicare and Vision Coverage","/_next/image?url=https%3A%2F%2Fcdn.sanity.io%2Fimages%2F41pq407l%2Fproduction%2Fdc0462cb0254f05d336c9dd89d54c547e9a2eee1-6720x4480.jpg&amp;w=3840&amp;q=75"
"education_ihealth-plans-medicare-and-hearing-coverage","4","image","Aetna Medicare Plans and Benefits","/_next/image?url=https%3A%2F%2Fcdn.sanity.io%2Fimages%2F41pq407l%2Fproduction%2F1c7ff99109dffebf638fcb4821b252ec90692c48-4800x3200.jpg&amp;w=3840&amp;q=75"
"education_ihealth-plans-medicare-and-hearing-coverage","5","image"," Eligibility Criteria for Medicare Savings Programs","/_next/image?url=https%3A%2F%2Fcdn.sanity.io%2Fimages%2F41pq407l%2Fproduction%2Fa93de6b90953ff332b50a85f8120805a61dfbff5-6720x4480.jpg&amp;w=3840&amp;q=75"
"education_ihealth-plans-medicare-and-home-health-care","1","image","iHealth Plans: Medicare and Home Health Care","/_next/image?url=https%3A%2F%2Fcdn.sanity.io%2Fimages%2F41pq407l%2Fproduction%2F7da75f2b6fabb777c263741bbd7686744488e6f6-1792x1024.webp&amp;w=3840&amp;q=75"
"education_ihealth-plans-medicare-and-home-health-care","2","image","iHealth Plans","/_next/image?url=https%3A%2F%2Fcdn.sanity.io%2Fimages%2F41pq407l%2Fproduction%2F933440a30a9dfefb51a402c290db1c864229d0b4-263x265.png&amp;w=3840&amp;q=75"
"education_ihealth-plans-medicare-and-home-health-care","3","image","Medicare and Vision Coverage","/_next/image?url=https%3A%2F%2Fcdn.sanity.io%2Fimages%2F41pq407l%2Fproduction%2Fdc0462cb0254f05d336c9dd89d54c547e9a2eee1-6720x4480.jpg&amp;w=3840&amp;q=75"
"education_ihealth-plans-medicare-and-home-health-care","4","image","Aetna Medicare Plans and Benefits","/_next/image?url=https%3A%2F%2Fcdn.sanity.io%2Fimages%2F41pq407l%2Fproduction%2F1c7ff99109dffebf638fcb4821b252ec90692c48-4800x3200.jpg&amp;w=3840&amp;q=75"
"education_ihealth-plans-medicare-and-home-health-care","5","image"," Eligibility Criteria for Medicare Savings Programs","/_next/image?url=https%3A%2F%2Fcdn.sanity.io%2Fimages%2F41pq407l%2Fproduction%2Fa93de6b90953ff332b50a85f8120805a61dfbff5-6720x4480.jpg&amp;w=3840&amp;q=75"
"education_ihealth-plans-medicare-and-nutrition-counseling","1","image","iHealth Plans: Medicare and Nutrition Counseling","/_next/image?url=https%3A%2F%2Fcdn.sanity.io%2Fimages%2F41pq407l%2Fproduction%2F81c3dc57734f1f8468029351b53eb7d7d0788b06-1792x1024.webp&amp;w=3840&amp;q=75"
"education_ihealth-plans-medicare-and-nutrition-counseling","2","image","iHealth Plans","/_next/image?url=https%3A%2F%2Fcdn.sanity.io%2Fimages%2F41pq407l%2Fproduction%2F933440a30a9dfefb51a402c290db1c864229d0b4-263x265.png&amp;w=3840&amp;q=75"
"education_ihealth-plans-medicare-and-nutrition-counseling","3","image","Medicare and Vision Coverage","/_next/image?url=https%3A%2F%2Fcdn.sanity.io%2Fimages%2F41pq407l%2Fproduction%2Fdc0462cb0254f05d336c9dd89d54c547e9a2eee1-6720x4480.jpg&amp;w=3840&amp;q=75"
"education_ihealth-plans-medicare-and-nutrition-counseling","4","image","Aetna Medicare Plans and Benefits","/_next/image?url=https%3A%2F%2Fcdn.sanity.io%2Fimages%2F41pq407l%2Fproduction%2F1c7ff99109dffebf638fcb4821b252ec90692c48-4800x3200.jpg&amp;w=3840&amp;q=75"
"education_ihealth-plans-medicare-and-nutrition-counseling","5","image"," Eligibility Criteria for Medicare Savings Programs","/_next/image?url=https%3A%2F%2Fcdn.sanity.io%2Fimages%2F41pq407l%2Fproduction%2Fa93de6b90953ff332b50a85f8120805a61dfbff5-6720x4480.jpg&amp;w=3840&amp;q=75"
"education_ihealth-plans-medicare-and-preventive-screenings","1","image","iHealth Plans: Medicare and Preventive Screenings","/_next/image?url=https%3A%2F%2Fcdn.sanity.io%2Fimages%2F41pq407l%2Fproduction%2Fc1145032c4f37dc4d7e19dc21d09eef157a81a1f-1792x1024.webp&amp;w=3840&amp;q=75"
"education_ihealth-plans-medicare-and-preventive-screenings","2","image","iHealth Plans","/_next/image?url=https%3A%2F%2Fcdn.sanity.io%2Fimages%2F41pq407l%2Fproduction%2F933440a30a9dfefb51a402c290db1c864229d0b4-263x265.png&amp;w=3840&amp;q=75"
"education_ihealth-plans-medicare-and-preventive-screenings","3","image","Medicare and Vision Coverage","/_next/image?url=https%3A%2F%2Fcdn.sanity.io%2Fimages%2F41pq407l%2Fproduction%2Fdc0462cb0254f05d336c9dd89d54c547e9a2eee1-6720x4480.jpg&amp;w=3840&amp;q=75"
"education_ihealth-plans-medicare-and-preventive-screenings","4","image","Aetna Medicare Plans and Benefits","/_next/image?url=https%3A%2F%2Fcdn.sanity.io%2Fimages%2F41pq407l%2Fproduction%2F1c7ff99109dffebf638fcb4821b252ec90692c48-4800x3200.jpg&amp;w=3840&amp;q=75"
"education_ihealth-plans-medicare-and-preventive-screenings","5","image"," Eligibility Criteria for Medicare Savings Programs","/_next/image?url=https%3A%2F%2Fcdn.sanity.io%2Fimages%2F41pq407l%2Fproduction%2Fa93de6b90953ff332b50a85f8120805a61dfbff5-6720x4480.jpg&amp;w=3840&amp;q=75"
"education_ihealth-plans-medicare-and-telehealth-services","1","image","iHealth Plans: Medicare and Telehealth Services","/_next/image?url=https%3A%2F%2Fcdn.sanity.io%2Fimages%2F41pq407l%2Fproduction%2F17e88e3549e5140d231835c174e750a8e73bf368-1792x1024.webp&amp;w=3840&amp;q=75"
"education_ihealth-plans-medicare-and-telehealth-services","2","image","iHealth Plans","/_next/image?url=https%3A%2F%2Fcdn.sanity.io%2Fimages%2F41pq407l%2Fproduction%2F933440a30a9dfefb51a402c290db1c864229d0b4-263x265.png&amp;w=3840&amp;q=75"
"education_ihealth-plans-medicare-and-telehealth-services","3","image","Medicare and Vision Coverage","/_next/image?url=https%3A%2F%2Fcdn.sanity.io%2Fimages%2F41pq407l%2Fproduction%2Fdc0462cb0254f05d336c9dd89d54c547e9a2eee1-6720x4480.jpg&amp;w=3840&amp;q=75"
"education_ihealth-plans-medicare-and-telehealth-services","4","image","Aetna Medicare Plans and Benefits","/_next/image?url=https%3A%2F%2Fcdn.sanity.io%2Fimages%2F41pq407l%2Fproduction%2F1c7ff99109dffebf638fcb4821b252ec90692c48-4800x3200.jpg&amp;w=3840&amp;q=75"
"education_ihealth-plans-medicare-and-telehealth-services","5","image"," Eligibility Criteria for Medicare Savings Programs","/_next/image?url=https%3A%2F%2Fcdn.sanity.io%2Fimages%2F41pq407l%2Fproduction%2Fa93de6b90953ff332b50a85f8120805a61dfbff5-6720x4480.jpg&amp;w=3840&amp;q=75"
"education_ihealth-plans-understanding-medicare-coordination-of-benefits","1","image","iHealth Plans: Understanding Medicare Coordination of Benefits","/_next/image?url=https%3A%2F%2Fcdn.sanity.io%2Fimages%2F41pq407l%2Fproduction%2F9319ab6f9776d10c9ffe077b590a607a044fbbc6-1792x1024.webp&amp;w=3840&amp;q=75"
"education_ihealth-plans-understanding-medicare-coordination-of-benefits","2","image","iHealth Plans","/_next/image?url=https%3A%2F%2Fcdn.sanity.io%2Fimages%2F41pq407l%2Fproduction%2F933440a30a9dfefb51a402c290db1c864229d0b4-263x265.png&amp;w=3840&amp;q=75"
"education_ihealth-plans-understanding-medicare-coordination-of-benefits","3","image","Medicare and Vision Coverage","/_next/image?url=https%3A%2F%2Fcdn.sanity.io%2Fimages%2F41pq407l%2Fproduction%2Fdc0462cb0254f05d336c9dd89d54c547e9a2eee1-6720x4480.jpg&amp;w=3840&amp;q=75"
"education_ihealth-plans-understanding-medicare-coordination-of-benefits","4","image","Aetna Medicare Plans and Benefits","/_next/image?url=https%3A%2F%2Fcdn.sanity.io%2Fimages%2F41pq407l%2Fproduction%2F1c7ff99109dffebf638fcb4821b252ec90692c48-4800x3200.jpg&amp;w=3840&amp;q=75"
"education_ihealth-plans-understanding-medicare-coordination-of-benefits","5","image"," Eligibility Criteria for Medicare Savings Programs","/_next/image?url=https%3A%2F%2Fcdn.sanity.io%2Fimages%2F41pq407l%2Fproduction%2Fa93de6b90953ff332b50a85f8120805a61dfbff5-6720x4480.jpg&amp;w=3840&amp;q=75"
"education_introduction-to-medicare-savings-programs","1","image","Introduction to Medicare Savings Programs","/_next/image?url=https%3A%2F%2Fcdn.sanity.io%2Fimages%2F41pq407l%2Fproduction%2F23490ffbfdd8ecd72fa4fa4e469b8986fc9c655f-8192x5464.jpg&amp;w=3840&amp;q=75"
"education_introduction-to-medicare-savings-programs","2","image","iHealth Plans","/_next/image?url=https%3A%2F%2Fcdn.sanity.io%2Fimages%2F41pq407l%2Fproduction%2F933440a30a9dfefb51a402c290db1c864229d0b4-263x265.png&amp;w=3840&amp;q=75"
"education_introduction-to-medicare-savings-programs","3","image","Medicare and Vision Coverage","/_next/image?url=https%3A%2F%2Fcdn.sanity.io%2Fimages%2F41pq407l%2Fproduction%2Fdc0462cb0254f05d336c9dd89d54c547e9a2eee1-6720x4480.jpg&amp;w=3840&amp;q=75"
"education_introduction-to-medicare-savings-programs","4","image","Aetna Medicare Plans and Benefits","/_next/image?url=https%3A%2F%2Fcdn.sanity.io%2Fimages%2F41pq407l%2Fproduction%2F1c7ff99109dffebf638fcb4821b252ec90692c48-4800x3200.jpg&amp;w=3840&amp;q=75"
"education_introduction-to-medicare-savings-programs","5","image"," Eligibility Criteria for Medicare Savings Programs","/_next/image?url=https%3A%2F%2Fcdn.sanity.io%2Fimages%2F41pq407l%2Fproduction%2Fa93de6b90953ff332b50a85f8120805a61dfbff5-6720x4480.jpg&amp;w=3840&amp;q=75"
"education_latest-medicare-advantage-plans-for-2024","1","image","Latest Medicare Advantage Plans for 2024","/_next/image?url=https%3A%2F%2Fcdn.sanity.io%2Fimages%2F41pq407l%2Fproduction%2Fce75aad1ac11160174c3ac56001caaec146c3e12-8660x5774.jpg&amp;w=3840&amp;q=75"
"education_latest-medicare-advantage-plans-for-2024","2","image","iHealth Plans","/_next/image?url=https%3A%2F%2Fcdn.sanity.io%2Fimages%2F41pq407l%2Fproduction%2F933440a30a9dfefb51a402c290db1c864229d0b4-263x265.png&amp;w=3840&amp;q=75"
"education_latest-medicare-advantage-plans-for-2024","3","image","Medicare and Vision Coverage","/_next/image?url=https%3A%2F%2Fcdn.sanity.io%2Fimages%2F41pq407l%2Fproduction%2Fdc0462cb0254f05d336c9dd89d54c547e9a2eee1-6720x4480.jpg&amp;w=3840&amp;q=75"
"education_latest-medicare-advantage-plans-for-2024","4","image","Aetna Medicare Plans and Benefits","/_next/image?url=https%3A%2F%2Fcdn.sanity.io%2Fimages%2F41pq407l%2Fproduction%2F1c7ff99109dffebf638fcb4821b252ec90692c48-4800x3200.jpg&amp;w=3840&amp;q=75"
"education_latest-medicare-advantage-plans-for-2024","5","image"," Eligibility Criteria for Medicare Savings Programs","/_next/image?url=https%3A%2F%2Fcdn.sanity.io%2Fimages%2F41pq407l%2Fproduction%2Fa93de6b90953ff332b50a85f8120805a61dfbff5-6720x4480.jpg&amp;w=3840&amp;q=75"
"education_legal-considerations-in-long-term-care-planning","1","image","Legal Considerations in Long-Term Care Planning","/_next/image?url=https%3A%2F%2Fcdn.sanity.io%2Fimages%2F41pq407l%2Fproduction%2Fbc951f571121ef0bc80c9034b0821cc74a309a0a-3840x2160.jpg&amp;w=3840&amp;q=75"
"education_legal-considerations-in-long-term-care-planning","2","image","iHealth Plans","/_next/image?url=https%3A%2F%2Fcdn.sanity.io%2Fimages%2F41pq407l%2Fproduction%2F933440a30a9dfefb51a402c290db1c864229d0b4-263x265.png&amp;w=3840&amp;q=75"
"education_legal-considerations-in-long-term-care-planning","3","image","Medicare and Vision Coverage","/_next/image?url=https%3A%2F%2Fcdn.sanity.io%2Fimages%2F41pq407l%2Fproduction%2Fdc0462cb0254f05d336c9dd89d54c547e9a2eee1-6720x4480.jpg&amp;w=3840&amp;q=75"
"education_legal-considerations-in-long-term-care-planning","4","image","Aetna Medicare Plans and Benefits","/_next/image?url=https%3A%2F%2Fcdn.sanity.io%2Fimages%2F41pq407l%2Fproduction%2F1c7ff99109dffebf638fcb4821b252ec90692c48-4800x3200.jpg&amp;w=3840&amp;q=75"
"education_legal-considerations-in-long-term-care-planning","5","image"," Eligibility Criteria for Medicare Savings Programs","/_next/image?url=https%3A%2F%2Fcdn.sanity.io%2Fimages%2F41pq407l%2Fproduction%2Fa93de6b90953ff332b50a85f8120805a61dfbff5-6720x4480.jpg&amp;w=3840&amp;q=75"
"education_list-of-medicare-advantage-plans","1","image","List of Medicare Advantage Plans","/_next/image?url=https%3A%2F%2Fcdn.sanity.io%2Fimages%2F41pq407l%2Fproduction%2F0791d986a85e9e5a9dadd52ced37fa61447ba26e-8192x5464.jpg&amp;w=3840&amp;q=75"
"education_list-of-medicare-advantage-plans","2","image","iHealth Plans","/_next/image?url=https%3A%2F%2Fcdn.sanity.io%2Fimages%2F41pq407l%2Fproduction%2F933440a30a9dfefb51a402c290db1c864229d0b4-263x265.png&amp;w=3840&amp;q=75"
"education_list-of-medicare-advantage-plans","3","image","Medicare and Vision Coverage","/_next/image?url=https%3A%2F%2Fcdn.sanity.io%2Fimages%2F41pq407l%2Fproduction%2Fdc0462cb0254f05d336c9dd89d54c547e9a2eee1-6720x4480.jpg&amp;w=3840&amp;q=75"
"education_list-of-medicare-advantage-plans","4","image","Aetna Medicare Plans and Benefits","/_next/image?url=https%3A%2F%2Fcdn.sanity.io%2Fimages%2F41pq407l%2Fproduction%2F1c7ff99109dffebf638fcb4821b252ec90692c48-4800x3200.jpg&amp;w=3840&amp;q=75"
"education_list-of-medicare-advantage-plans","5","image"," Eligibility Criteria for Medicare Savings Programs","/_next/image?url=https%3A%2F%2Fcdn.sanity.io%2Fimages%2F41pq407l%2Fproduction%2Fa93de6b90953ff332b50a85f8120805a61dfbff5-6720x4480.jpg&amp;w=3840&amp;q=75"
"education_mastering-medication-formularies-maximizing-coverage-effectively","1","image","Mastering Medication Formularies: Maximizing Coverage Effectively","/_next/image?url=https%3A%2F%2Fcdn.sanity.io%2Fimages%2F41pq407l%2Fproduction%2F9f669c8e369f7090d865e36ce81e03c6103c4908-7360x4912.jpg&amp;w=3840&amp;q=75"
"education_mastering-medication-formularies-maximizing-coverage-effectively","2","image","iHealth Plans","/_next/image?url=https%3A%2F%2Fcdn.sanity.io%2Fimages%2F41pq407l%2Fproduction%2F933440a30a9dfefb51a402c290db1c864229d0b4-263x265.png&amp;w=3840&amp;q=75"
"education_mastering-medication-formularies-maximizing-coverage-effectively","3","image","Medicare and Vision Coverage","/_next/image?url=https%3A%2F%2Fcdn.sanity.io%2Fimages%2F41pq407l%2Fproduction%2Fdc0462cb0254f05d336c9dd89d54c547e9a2eee1-6720x4480.jpg&amp;w=3840&amp;q=75"
"education_mastering-medication-formularies-maximizing-coverage-effectively","4","image","Aetna Medicare Plans and Benefits","/_next/image?url=https%3A%2F%2Fcdn.sanity.io%2Fimages%2F41pq407l%2Fproduction%2F1c7ff99109dffebf638fcb4821b252ec90692c48-4800x3200.jpg&amp;w=3840&amp;q=75"
"education_mastering-medication-formularies-maximizing-coverage-effectively","5","image"," Eligibility Criteria for Medicare Savings Programs","/_next/image?url=https%3A%2F%2Fcdn.sanity.io%2Fimages%2F41pq407l%2Fproduction%2Fa93de6b90953ff332b50a85f8120805a61dfbff5-6720x4480.jpg&amp;w=3840&amp;q=75"
"education_maximizing-the-benefits-of-medicare-savings-programs","1","image"," Maximizing the Benefits of Medicare Savings Programs","/_next/image?url=https%3A%2F%2Fcdn.sanity.io%2Fimages%2F41pq407l%2Fproduction%2F6ea2c9e8b462f1def9d6a6073d28f8e1d677d337-6000x4000.jpg&amp;w=3840&amp;q=75"
"education_maximizing-the-benefits-of-medicare-savings-programs","2","image","iHealth Plans","/_next/image?url=https%3A%2F%2Fcdn.sanity.io%2Fimages%2F41pq407l%2Fproduction%2F933440a30a9dfefb51a402c290db1c864229d0b4-263x265.png&amp;w=3840&amp;q=75"
"education_maximizing-the-benefits-of-medicare-savings-programs","3","image","Medicare and Vision Coverage","/_next/image?url=https%3A%2F%2Fcdn.sanity.io%2Fimages%2F41pq407l%2Fproduction%2Fdc0462cb0254f05d336c9dd89d54c547e9a2eee1-6720x4480.jpg&amp;w=3840&amp;q=75"
"education_maximizing-the-benefits-of-medicare-savings-programs","4","image","Aetna Medicare Plans and Benefits","/_next/image?url=https%3A%2F%2Fcdn.sanity.io%2Fimages%2F41pq407l%2Fproduction%2F1c7ff99109dffebf638fcb4821b252ec90692c48-4800x3200.jpg&amp;w=3840&amp;q=75"
"education_maximizing-the-benefits-of-medicare-savings-programs","5","image"," Eligibility Criteria for Medicare Savings Programs","/_next/image?url=https%3A%2F%2Fcdn.sanity.io%2Fimages%2F41pq407l%2Fproduction%2Fa93de6b90953ff332b50a85f8120805a61dfbff5-6720x4480.jpg&amp;w=3840&amp;q=75"
"education_medicare-advantage-plans-for-2024-what-s-new","1","image","Medicare Advantage Plans for 2024: Whatâ€™s New?","/_next/image?url=https%3A%2F%2Fcdn.sanity.io%2Fimages%2F41pq407l%2Fproduction%2F46e913e910bb3c35a5e40c71d13b49d99218fc27-5600x3733.jpg&amp;w=3840&amp;q=75"
"education_medicare-advantage-plans-for-2024-what-s-new","2","image","iHealth Plans","/_next/image?url=https%3A%2F%2Fcdn.sanity.io%2Fimages%2F41pq407l%2Fproduction%2F933440a30a9dfefb51a402c290db1c864229d0b4-263x265.png&amp;w=3840&amp;q=75"
"education_medicare-advantage-plans-for-2024-what-s-new","3","image","Medicare and Vision Coverage","/_next/image?url=https%3A%2F%2Fcdn.sanity.io%2Fimages%2F41pq407l%2Fproduction%2Fdc0462cb0254f05d336c9dd89d54c547e9a2eee1-6720x4480.jpg&amp;w=3840&amp;q=75"
"education_medicare-advantage-plans-for-2024-what-s-new","4","image","Aetna Medicare Plans and Benefits","/_next/image?url=https%3A%2F%2Fcdn.sanity.io%2Fimages%2F41pq407l%2Fproduction%2F1c7ff99109dffebf638fcb4821b252ec90692c48-4800x3200.jpg&amp;w=3840&amp;q=75"
"education_medicare-advantage-plans-for-2024-what-s-new","5","image"," Eligibility Criteria for Medicare Savings Programs","/_next/image?url=https%3A%2F%2Fcdn.sanity.io%2Fimages%2F41pq407l%2Fproduction%2Fa93de6b90953ff332b50a85f8120805a61dfbff5-6720x4480.jpg&amp;w=3840&amp;q=75"
"education_medicare-advantage-plans-for-2024","1","image","Medicare Advantage Plans for 2024","/_next/image?url=https%3A%2F%2Fcdn.sanity.io%2Fimages%2F41pq407l%2Fproduction%2F54ad991604e6b788fdf37496208d64c49045da92-6720x4480.jpg&amp;w=3840&amp;q=75"
"education_medicare-advantage-plans-for-2024","2","image","iHealth Plans","/_next/image?url=https%3A%2F%2Fcdn.sanity.io%2Fimages%2F41pq407l%2Fproduction%2F933440a30a9dfefb51a402c290db1c864229d0b4-263x265.png&amp;w=3840&amp;q=75"
"education_medicare-advantage-plans-for-2024","3","image","Medicare and Vision Coverage","/_next/image?url=https%3A%2F%2Fcdn.sanity.io%2Fimages%2F41pq407l%2Fproduction%2Fdc0462cb0254f05d336c9dd89d54c547e9a2eee1-6720x4480.jpg&amp;w=3840&amp;q=75"
"education_medicare-advantage-plans-for-2024","4","image","Aetna Medicare Plans and Benefits","/_next/image?url=https%3A%2F%2Fcdn.sanity.io%2Fimages%2F41pq407l%2Fproduction%2F1c7ff99109dffebf638fcb4821b252ec90692c48-4800x3200.jpg&amp;w=3840&amp;q=75"
"education_medicare-advantage-plans-for-2024","5","image"," Eligibility Criteria for Medicare Savings Programs","/_next/image?url=https%3A%2F%2Fcdn.sanity.io%2Fimages%2F41pq407l%2Fproduction%2Fa93de6b90953ff332b50a85f8120805a61dfbff5-6720x4480.jpg&amp;w=3840&amp;q=75"
"education_medicare-advantage-programs-explained","1","image","Medicare Advantage Programs Explained","/_next/image?url=https%3A%2F%2Fcdn.sanity.io%2Fimages%2F41pq407l%2Fproduction%2F1c7ff99109dffebf638fcb4821b252ec90692c48-4800x3200.jpg&amp;w=3840&amp;q=75"
"education_medicare-advantage-programs-explained","2","image","iHealth Plans","/_next/image?url=https%3A%2F%2Fcdn.sanity.io%2Fimages%2F41pq407l%2Fproduction%2F933440a30a9dfefb51a402c290db1c864229d0b4-263x265.png&amp;w=3840&amp;q=75"
"education_medicare-advantage-programs-explained","3","image","Medicare and Vision Coverage","/_next/image?url=https%3A%2F%2Fcdn.sanity.io%2Fimages%2F41pq407l%2Fproduction%2Fdc0462cb0254f05d336c9dd89d54c547e9a2eee1-6720x4480.jpg&amp;w=3840&amp;q=75"
"education_medicare-advantage-programs-explained","4","image","Aetna Medicare Plans and Benefits","/_next/image?url=https%3A%2F%2Fcdn.sanity.io%2Fimages%2F41pq407l%2Fproduction%2F1c7ff99109dffebf638fcb4821b252ec90692c48-4800x3200.jpg&amp;w=3840&amp;q=75"
"education_medicare-advantage-programs-explained","5","image"," Eligibility Criteria for Medicare Savings Programs","/_next/image?url=https%3A%2F%2Fcdn.sanity.io%2Fimages%2F41pq407l%2Fproduction%2Fa93de6b90953ff332b50a85f8120805a61dfbff5-6720x4480.jpg&amp;w=3840&amp;q=75"
"education_medicare-advantage-vs-original-medicare-pros-and-cons","1","image","Medicare Advantage vs. Original Medicare: Pros and Cons","/_next/image?url=https%3A%2F%2Fcdn.sanity.io%2Fimages%2F41pq407l%2Fproduction%2F6b5de16afcd8a9c18e8c08d49af3147a4acee5b2-5467x3644.jpg&amp;w=3840&amp;q=75"
"education_medicare-advantage-vs-original-medicare-pros-and-cons","2","image","iHealth Plans","/_next/image?url=https%3A%2F%2Fcdn.sanity.io%2Fimages%2F41pq407l%2Fproduction%2F933440a30a9dfefb51a402c290db1c864229d0b4-263x265.png&amp;w=3840&amp;q=75"
"education_medicare-advantage-vs-original-medicare-pros-and-cons","3","image","Medicare and Vision Coverage","/_next/image?url=https%3A%2F%2Fcdn.sanity.io%2Fimages%2F41pq407l%2Fproduction%2Fdc0462cb0254f05d336c9dd89d54c547e9a2eee1-6720x4480.jpg&amp;w=3840&amp;q=75"
"education_medicare-advantage-vs-original-medicare-pros-and-cons","4","image","Aetna Medicare Plans and Benefits","/_next/image?url=https%3A%2F%2Fcdn.sanity.io%2Fimages%2F41pq407l%2Fproduction%2F1c7ff99109dffebf638fcb4821b252ec90692c48-4800x3200.jpg&amp;w=3840&amp;q=75"
"education_medicare-advantage-vs-original-medicare-pros-and-cons","5","image"," Eligibility Criteria for Medicare Savings Programs","/_next/image?url=https%3A%2F%2Fcdn.sanity.io%2Fimages%2F41pq407l%2Fproduction%2Fa93de6b90953ff332b50a85f8120805a61dfbff5-6720x4480.jpg&amp;w=3840&amp;q=75"
"education_medicare-and-long-term-care-planning-for-the-future","1","image","Medicare and Long-Term Care: Planning for the Future","/_next/image?url=https%3A%2F%2Fcdn.sanity.io%2Fimages%2F41pq407l%2Fproduction%2Fe6ed8b8c8673437f559d921db67565c3910dc42a-5829x3886.jpg&amp;w=3840&amp;q=75"
"education_medicare-and-long-term-care-planning-for-the-future","2","image","iHealth Plans","/_next/image?url=https%3A%2F%2Fcdn.sanity.io%2Fimages%2F41pq407l%2Fproduction%2F933440a30a9dfefb51a402c290db1c864229d0b4-263x265.png&amp;w=3840&amp;q=75"
"education_medicare-and-long-term-care-planning-for-the-future","3","image","Medicare and Vision Coverage","/_next/image?url=https%3A%2F%2Fcdn.sanity.io%2Fimages%2F41pq407l%2Fproduction%2Fdc0462cb0254f05d336c9dd89d54c547e9a2eee1-6720x4480.jpg&amp;w=3840&amp;q=75"
"education_medicare-and-long-term-care-planning-for-the-future","4","image","Aetna Medicare Plans and Benefits","/_next/image?url=https%3A%2F%2Fcdn.sanity.io%2Fimages%2F41pq407l%2Fproduction%2F1c7ff99109dffebf638fcb4821b252ec90692c48-4800x3200.jpg&amp;w=3840&amp;q=75"
"education_medicare-and-long-term-care-planning-for-the-future","5","image"," Eligibility Criteria for Medicare Savings Programs","/_next/image?url=https%3A%2F%2Fcdn.sanity.io%2Fimages%2F41pq407l%2Fproduction%2Fa93de6b90953ff332b50a85f8120805a61dfbff5-6720x4480.jpg&amp;w=3840&amp;q=75"
"education_medicare-and-medicare-advantage","1","image","Medicare and Medicare Advantage","/_next/image?url=https%3A%2F%2Fcdn.sanity.io%2Fimages%2F41pq407l%2Fproduction%2Fce75aad1ac11160174c3ac56001caaec146c3e12-8660x5774.jpg&amp;w=3840&amp;q=75"
"education_medicare-and-medicare-advantage","2","image","iHealth Plans","/_next/image?url=https%3A%2F%2Fcdn.sanity.io%2Fimages%2F41pq407l%2Fproduction%2F933440a30a9dfefb51a402c290db1c864229d0b4-263x265.png&amp;w=3840&amp;q=75"
"education_medicare-and-medicare-advantage","3","image","Medicare and Vision Coverage","/_next/image?url=https%3A%2F%2Fcdn.sanity.io%2Fimages%2F41pq407l%2Fproduction%2Fdc0462cb0254f05d336c9dd89d54c547e9a2eee1-6720x4480.jpg&amp;w=3840&amp;q=75"
"education_medicare-and-medicare-advantage","4","image","Aetna Medicare Plans and Benefits","/_next/image?url=https%3A%2F%2Fcdn.sanity.io%2Fimages%2F41pq407l%2Fproduction%2F1c7ff99109dffebf638fcb4821b252ec90692c48-4800x3200.jpg&amp;w=3840&amp;q=75"
"education_medicare-and-medicare-advantage","5","image"," Eligibility Criteria for Medicare Savings Programs","/_next/image?url=https%3A%2F%2Fcdn.sanity.io%2Fimages%2F41pq407l%2Fproduction%2Fa93de6b90953ff332b50a85f8120805a61dfbff5-6720x4480.jpg&amp;w=3840&amp;q=75"
"education_medicare-and-mental-health-services","1","image","Medicare and Mental Health Services","/_next/image?url=https%3A%2F%2Fcdn.sanity.io%2Fimages%2F41pq407l%2Fproduction%2F0791d986a85e9e5a9dadd52ced37fa61447ba26e-8192x5464.jpg&amp;w=3840&amp;q=75"
"education_medicare-and-mental-health-services","2","image","iHealth Plans","/_next/image?url=https%3A%2F%2Fcdn.sanity.io%2Fimages%2F41pq407l%2Fproduction%2F933440a30a9dfefb51a402c290db1c864229d0b4-263x265.png&amp;w=3840&amp;q=75"
"education_medicare-and-mental-health-services","3","image","Medicare and Vision Coverage","/_next/image?url=https%3A%2F%2Fcdn.sanity.io%2Fimages%2F41pq407l%2Fproduction%2Fdc0462cb0254f05d336c9dd89d54c547e9a2eee1-6720x4480.jpg&amp;w=3840&amp;q=75"
"education_medicare-and-mental-health-services","4","image","Aetna Medicare Plans and Benefits","/_next/image?url=https%3A%2F%2Fcdn.sanity.io%2Fimages%2F41pq407l%2Fproduction%2F1c7ff99109dffebf638fcb4821b252ec90692c48-4800x3200.jpg&amp;w=3840&amp;q=75"
"education_medicare-and-mental-health-services","5","image"," Eligibility Criteria for Medicare Savings Programs","/_next/image?url=https%3A%2F%2Fcdn.sanity.io%2Fimages%2F41pq407l%2Fproduction%2Fa93de6b90953ff332b50a85f8120805a61dfbff5-6720x4480.jpg&amp;w=3840&amp;q=75"
"education_medicare-and-preventive-services","1","image","Medicare and Preventive Services","/_next/image?url=https%3A%2F%2Fcdn.sanity.io%2Fimages%2F41pq407l%2Fproduction%2F46e913e910bb3c35a5e40c71d13b49d99218fc27-5600x3733.jpg&amp;w=3840&amp;q=75"
"education_medicare-and-preventive-services","2","image","iHealth Plans","/_next/image?url=https%3A%2F%2Fcdn.sanity.io%2Fimages%2F41pq407l%2Fproduction%2F933440a30a9dfefb51a402c290db1c864229d0b4-263x265.png&amp;w=3840&amp;q=75"
"education_medicare-and-preventive-services","3","image","Medicare and Vision Coverage","/_next/image?url=https%3A%2F%2Fcdn.sanity.io%2Fimages%2F41pq407l%2Fproduction%2Fdc0462cb0254f05d336c9dd89d54c547e9a2eee1-6720x4480.jpg&amp;w=3840&amp;q=75"
"education_medicare-and-preventive-services","4","image","Aetna Medicare Plans and Benefits","/_next/image?url=https%3A%2F%2Fcdn.sanity.io%2Fimages%2F41pq407l%2Fproduction%2F1c7ff99109dffebf638fcb4821b252ec90692c48-4800x3200.jpg&amp;w=3840&amp;q=75"
"education_medicare-and-preventive-services","5","image"," Eligibility Criteria for Medicare Savings Programs","/_next/image?url=https%3A%2F%2Fcdn.sanity.io%2Fimages%2F41pq407l%2Fproduction%2Fa93de6b90953ff332b50a85f8120805a61dfbff5-6720x4480.jpg&amp;w=3840&amp;q=75"
"education_medicare-and-vision-coverage","1","image","Medicare and Vision Coverage","/_next/image?url=https%3A%2F%2Fcdn.sanity.io%2Fimages%2F41pq407l%2Fproduction%2Fdc0462cb0254f05d336c9dd89d54c547e9a2eee1-6720x4480.jpg&amp;w=3840&amp;q=75"
"education_medicare-and-vision-coverage","2","image","iHealth Plans","/_next/image?url=https%3A%2F%2Fcdn.sanity.io%2Fimages%2F41pq407l%2Fproduction%2F933440a30a9dfefb51a402c290db1c864229d0b4-263x265.png&amp;w=3840&amp;q=75"
"education_medicare-and-vision-coverage","3","image","Aetna Medicare Plans and Benefits","/_next/image?url=https%3A%2F%2Fcdn.sanity.io%2Fimages%2F41pq407l%2Fproduction%2F1c7ff99109dffebf638fcb4821b252ec90692c48-4800x3200.jpg&amp;w=3840&amp;q=75"
"education_medicare-and-vision-coverage","4","image"," Eligibility Criteria for Medicare Savings Programs","/_next/image?url=https%3A%2F%2Fcdn.sanity.io%2Fimages%2F41pq407l%2Fproduction%2Fa93de6b90953ff332b50a85f8120805a61dfbff5-6720x4480.jpg&amp;w=3840&amp;q=75"
"education_medicare-and-vision-coverage","5","image","Legal Considerations in Long-Term Care Planning","/_next/image?url=https%3A%2F%2Fcdn.sanity.io%2Fimages%2F41pq407l%2Fproduction%2Fbc951f571121ef0bc80c9034b0821cc74a309a0a-3840x2160.jpg&amp;w=3840&amp;q=75"
"education_medicare-for-snowbirds-what-you-need-to-know-about-coverage-while-traveling","1","image","Medicare for Snowbirds: What You Need to Know About Coverage While Traveling","/_next/image?url=https%3A%2F%2Fcdn.sanity.io%2Fimages%2F41pq407l%2Fproduction%2F17d1fa65dede6582b8bfa12ded4aca36afe30e6f-5760x3840.jpg&amp;w=3840&amp;q=75"
"education_medicare-for-snowbirds-what-you-need-to-know-about-coverage-while-traveling","2","image","iHealth Plans","/_next/image?url=https%3A%2F%2Fcdn.sanity.io%2Fimages%2F41pq407l%2Fproduction%2F933440a30a9dfefb51a402c290db1c864229d0b4-263x265.png&amp;w=3840&amp;q=75"
"education_medicare-for-snowbirds-what-you-need-to-know-about-coverage-while-traveling","3","image","Medicare and Vision Coverage","/_next/image?url=https%3A%2F%2Fcdn.sanity.io%2Fimages%2F41pq407l%2Fproduction%2Fdc0462cb0254f05d336c9dd89d54c547e9a2eee1-6720x4480.jpg&amp;w=3840&amp;q=75"
"education_medicare-for-snowbirds-what-you-need-to-know-about-coverage-while-traveling","4","image","Aetna Medicare Plans and Benefits","/_next/image?url=https%3A%2F%2Fcdn.sanity.io%2Fimages%2F41pq407l%2Fproduction%2F1c7ff99109dffebf638fcb4821b252ec90692c48-4800x3200.jpg&amp;w=3840&amp;q=75"
"education_medicare-for-snowbirds-what-you-need-to-know-about-coverage-while-traveling","5","image"," Eligibility Criteria for Medicare Savings Programs","/_next/image?url=https%3A%2F%2Fcdn.sanity.io%2Fimages%2F41pq407l%2Fproduction%2Fa93de6b90953ff332b50a85f8120805a61dfbff5-6720x4480.jpg&amp;w=3840&amp;q=75"
"education_medicare-fraud-awareness-safeguarding-yourself-and-reporting-suspected-fraud","1","image","Medicare Fraud Awareness: Safeguarding Yourself and Reporting Suspected Fraud","/_next/image?url=https%3A%2F%2Fcdn.sanity.io%2Fimages%2F41pq407l%2Fproduction%2Fe34328dfed45bda04cb225bc493d98f27659b6ec-5500x3667.jpg&amp;w=3840&amp;q=75"
"education_medicare-fraud-awareness-safeguarding-yourself-and-reporting-suspected-fraud","2","image","iHealth Plans","/_next/image?url=https%3A%2F%2Fcdn.sanity.io%2Fimages%2F41pq407l%2Fproduction%2F933440a30a9dfefb51a402c290db1c864229d0b4-263x265.png&amp;w=3840&amp;q=75"
"education_medicare-fraud-awareness-safeguarding-yourself-and-reporting-suspected-fraud","3","image","Medicare and Vision Coverage","/_next/image?url=https%3A%2F%2Fcdn.sanity.io%2Fimages%2F41pq407l%2Fproduction%2Fdc0462cb0254f05d336c9dd89d54c547e9a2eee1-6720x4480.jpg&amp;w=3840&amp;q=75"
"education_medicare-fraud-awareness-safeguarding-yourself-and-reporting-suspected-fraud","4","image","Aetna Medicare Plans and Benefits","/_next/image?url=https%3A%2F%2Fcdn.sanity.io%2Fimages%2F41pq407l%2Fproduction%2F1c7ff99109dffebf638fcb4821b252ec90692c48-4800x3200.jpg&amp;w=3840&amp;q=75"
"education_medicare-fraud-awareness-safeguarding-yourself-and-reporting-suspected-fraud","5","image"," Eligibility Criteria for Medicare Savings Programs","/_next/image?url=https%3A%2F%2Fcdn.sanity.io%2Fimages%2F41pq407l%2Fproduction%2Fa93de6b90953ff332b50a85f8120805a61dfbff5-6720x4480.jpg&amp;w=3840&amp;q=75"
"education_medicare-made-clear-a-comprehensive-exploration-of-healthcare-coverage-for-seniors","1","image"," Medicare Made Clear: A Comprehensive Exploration of Healthcare Coverage for Seniors","/_next/image?url=https%3A%2F%2Fcdn.sanity.io%2Fimages%2F41pq407l%2Fproduction%2F7ca102913675292e0b3655d0f0cccf99987989b7-7008x4672.jpg&amp;w=3840&amp;q=75"
"education_medicare-made-clear-a-comprehensive-exploration-of-healthcare-coverage-for-seniors","2","image","iHealth Plans","/_next/image?url=https%3A%2F%2Fcdn.sanity.io%2Fimages%2F41pq407l%2Fproduction%2F933440a30a9dfefb51a402c290db1c864229d0b4-263x265.png&amp;w=3840&amp;q=75"
"education_medicare-made-clear-a-comprehensive-exploration-of-healthcare-coverage-for-seniors","3","image","Medicare and Vision Coverage","/_next/image?url=https%3A%2F%2Fcdn.sanity.io%2Fimages%2F41pq407l%2Fproduction%2Fdc0462cb0254f05d336c9dd89d54c547e9a2eee1-6720x4480.jpg&amp;w=3840&amp;q=75"
"education_medicare-made-clear-a-comprehensive-exploration-of-healthcare-coverage-for-seniors","4","image","Aetna Medicare Plans and Benefits","/_next/image?url=https%3A%2F%2Fcdn.sanity.io%2Fimages%2F41pq407l%2Fproduction%2F1c7ff99109dffebf638fcb4821b252ec90692c48-4800x3200.jpg&amp;w=3840&amp;q=75"
"education_medicare-made-clear-a-comprehensive-exploration-of-healthcare-coverage-for-seniors","5","image"," Eligibility Criteria for Medicare Savings Programs","/_next/image?url=https%3A%2F%2Fcdn.sanity.io%2Fimages%2F41pq407l%2Fproduction%2Fa93de6b90953ff332b50a85f8120805a61dfbff5-6720x4480.jpg&amp;w=3840&amp;q=75"
"education_medicare-myths-debunked-common-misconceptions-about-coverage","1","image","Medicare Myths Debunked: Common Misconceptions About Coverage","/_next/image?url=https%3A%2F%2Fcdn.sanity.io%2Fimages%2F41pq407l%2Fproduction%2Fa116967bd1f44744e64f2aa580fd2b2470091366-5616x3744.jpg&amp;w=3840&amp;q=75"
"education_medicare-myths-debunked-common-misconceptions-about-coverage","2","image","iHealth Plans","/_next/image?url=https%3A%2F%2Fcdn.sanity.io%2Fimages%2F41pq407l%2Fproduction%2F933440a30a9dfefb51a402c290db1c864229d0b4-263x265.png&amp;w=3840&amp;q=75"
"education_medicare-myths-debunked-common-misconceptions-about-coverage","3","image","Medicare and Vision Coverage","/_next/image?url=https%3A%2F%2Fcdn.sanity.io%2Fimages%2F41pq407l%2Fproduction%2Fdc0462cb0254f05d336c9dd89d54c547e9a2eee1-6720x4480.jpg&amp;w=3840&amp;q=75"
"education_medicare-myths-debunked-common-misconceptions-about-coverage","4","image","Aetna Medicare Plans and Benefits","/_next/image?url=https%3A%2F%2Fcdn.sanity.io%2Fimages%2F41pq407l%2Fproduction%2F1c7ff99109dffebf638fcb4821b252ec90692c48-4800x3200.jpg&amp;w=3840&amp;q=75"
"education_medicare-myths-debunked-common-misconceptions-about-coverage","5","image"," Eligibility Criteria for Medicare Savings Programs","/_next/image?url=https%3A%2F%2Fcdn.sanity.io%2Fimages%2F41pq407l%2Fproduction%2Fa93de6b90953ff332b50a85f8120805a61dfbff5-6720x4480.jpg&amp;w=3840&amp;q=75"
"education_medicare-part-c-benefits","1","image","Medicare Part C Benefits","/_next/image?url=https%3A%2F%2Fcdn.sanity.io%2Fimages%2F41pq407l%2Fproduction%2F26083d0eda1ed3e4da620c748e74b36cf1a2e314-4936x3296.jpg&amp;w=3840&amp;q=75"
"education_medicare-part-c-benefits","2","image","iHealth Plans","/_next/image?url=https%3A%2F%2Fcdn.sanity.io%2Fimages%2F41pq407l%2Fproduction%2F933440a30a9dfefb51a402c290db1c864229d0b4-263x265.png&amp;w=3840&amp;q=75"
"education_medicare-part-c-benefits","3","image","Medicare and Vision Coverage","/_next/image?url=https%3A%2F%2Fcdn.sanity.io%2Fimages%2F41pq407l%2Fproduction%2Fdc0462cb0254f05d336c9dd89d54c547e9a2eee1-6720x4480.jpg&amp;w=3840&amp;q=75"
"education_medicare-part-c-benefits","4","image","Aetna Medicare Plans and Benefits","/_next/image?url=https%3A%2F%2Fcdn.sanity.io%2Fimages%2F41pq407l%2Fproduction%2F1c7ff99109dffebf638fcb4821b252ec90692c48-4800x3200.jpg&amp;w=3840&amp;q=75"
"education_medicare-part-c-benefits","5","image"," Eligibility Criteria for Medicare Savings Programs","/_next/image?url=https%3A%2F%2Fcdn.sanity.io%2Fimages%2F41pq407l%2Fproduction%2Fa93de6b90953ff332b50a85f8120805a61dfbff5-6720x4480.jpg&amp;w=3840&amp;q=75"
"education_medicare-part-c-coverage-details","1","image","Medicare Part C Coverage Details","/_next/image?url=https%3A%2F%2Fcdn.sanity.io%2Fimages%2F41pq407l%2Fproduction%2F46e913e910bb3c35a5e40c71d13b49d99218fc27-5600x3733.jpg&amp;w=3840&amp;q=75"
"education_medicare-part-c-coverage-details","2","image","iHealth Plans","/_next/image?url=https%3A%2F%2Fcdn.sanity.io%2Fimages%2F41pq407l%2Fproduction%2F933440a30a9dfefb51a402c290db1c864229d0b4-263x265.png&amp;w=3840&amp;q=75"
"education_medicare-part-c-coverage-details","3","image","Medicare and Vision Coverage","/_next/image?url=https%3A%2F%2Fcdn.sanity.io%2Fimages%2F41pq407l%2Fproduction%2Fdc0462cb0254f05d336c9dd89d54c547e9a2eee1-6720x4480.jpg&amp;w=3840&amp;q=75"
"education_medicare-part-c-coverage-details","4","image","Aetna Medicare Plans and Benefits","/_next/image?url=https%3A%2F%2Fcdn.sanity.io%2Fimages%2F41pq407l%2Fproduction%2F1c7ff99109dffebf638fcb4821b252ec90692c48-4800x3200.jpg&amp;w=3840&amp;q=75"
"education_medicare-part-c-coverage-details","5","image"," Eligibility Criteria for Medicare Savings Programs","/_next/image?url=https%3A%2F%2Fcdn.sanity.io%2Fimages%2F41pq407l%2Fproduction%2Fa93de6b90953ff332b50a85f8120805a61dfbff5-6720x4480.jpg&amp;w=3840&amp;q=75"
"education_medicare-part-c-coverage-explained","1","image","Medicare Part C Coverage Explained","/_next/image?url=https%3A%2F%2Fcdn.sanity.io%2Fimages%2F41pq407l%2Fproduction%2F580f7589e2ee563295f43eaa433178291bb3d628-8192x5464.jpg&amp;w=3840&amp;q=75"
"education_medicare-part-c-coverage-explained","2","image","iHealth Plans","/_next/image?url=https%3A%2F%2Fcdn.sanity.io%2Fimages%2F41pq407l%2Fproduction%2F933440a30a9dfefb51a402c290db1c864229d0b4-263x265.png&amp;w=3840&amp;q=75"
"education_medicare-part-c-coverage-explained","3","image","Medicare and Vision Coverage","/_next/image?url=https%3A%2F%2Fcdn.sanity.io%2Fimages%2F41pq407l%2Fproduction%2Fdc0462cb0254f05d336c9dd89d54c547e9a2eee1-6720x4480.jpg&amp;w=3840&amp;q=75"
"education_medicare-part-c-coverage-explained","4","image","Aetna Medicare Plans and Benefits","/_next/image?url=https%3A%2F%2Fcdn.sanity.io%2Fimages%2F41pq407l%2Fproduction%2F1c7ff99109dffebf638fcb4821b252ec90692c48-4800x3200.jpg&amp;w=3840&amp;q=75"
"education_medicare-part-c-coverage-explained","5","image"," Eligibility Criteria for Medicare Savings Programs","/_next/image?url=https%3A%2F%2Fcdn.sanity.io%2Fimages%2F41pq407l%2Fproduction%2Fa93de6b90953ff332b50a85f8120805a61dfbff5-6720x4480.jpg&amp;w=3840&amp;q=75"
"education_medicare-plans-that-have-dental-coverage","1","image","Medicare Plans that have Dental Coverage","/_next/image?url=https%3A%2F%2Fcdn.sanity.io%2Fimages%2F41pq407l%2Fproduction%2F0791d986a85e9e5a9dadd52ced37fa61447ba26e-8192x5464.jpg&amp;w=3840&amp;q=75"
"education_medicare-plans-that-have-dental-coverage","2","image","iHealth Plans","/_next/image?url=https%3A%2F%2Fcdn.sanity.io%2Fimages%2F41pq407l%2Fproduction%2F933440a30a9dfefb51a402c290db1c864229d0b4-263x265.png&amp;w=3840&amp;q=75"
"education_medicare-plans-that-have-dental-coverage","3","image","Medicare and Vision Coverage","/_next/image?url=https%3A%2F%2Fcdn.sanity.io%2Fimages%2F41pq407l%2Fproduction%2Fdc0462cb0254f05d336c9dd89d54c547e9a2eee1-6720x4480.jpg&amp;w=3840&amp;q=75"
"education_medicare-plans-that-have-dental-coverage","4","image","Aetna Medicare Plans and Benefits","/_next/image?url=https%3A%2F%2Fcdn.sanity.io%2Fimages%2F41pq407l%2Fproduction%2F1c7ff99109dffebf638fcb4821b252ec90692c48-4800x3200.jpg&amp;w=3840&amp;q=75"
"education_medicare-plans-that-have-dental-coverage","5","image"," Eligibility Criteria for Medicare Savings Programs","/_next/image?url=https%3A%2F%2Fcdn.sanity.io%2Fimages%2F41pq407l%2Fproduction%2Fa93de6b90953ff332b50a85f8120805a61dfbff5-6720x4480.jpg&amp;w=3840&amp;q=75"
"education_medicare-plans-with-dental-coverage","1","image","Medicare Plans with Dental Coverage","/_next/image?url=https%3A%2F%2Fcdn.sanity.io%2Fimages%2F41pq407l%2Fproduction%2Fd8831e86752148e35c16ebe07db524565e86a66f-6000x3375.jpg&amp;w=3840&amp;q=75"
"education_medicare-plans-with-dental-coverage","2","image","iHealth Plans","/_next/image?url=https%3A%2F%2Fcdn.sanity.io%2Fimages%2F41pq407l%2Fproduction%2F933440a30a9dfefb51a402c290db1c864229d0b4-263x265.png&amp;w=3840&amp;q=75"
"education_medicare-plans-with-dental-coverage","3","image","Medicare and Vision Coverage","/_next/image?url=https%3A%2F%2Fcdn.sanity.io%2Fimages%2F41pq407l%2Fproduction%2Fdc0462cb0254f05d336c9dd89d54c547e9a2eee1-6720x4480.jpg&amp;w=3840&amp;q=75"
"education_medicare-plans-with-dental-coverage","4","image","Aetna Medicare Plans and Benefits","/_next/image?url=https%3A%2F%2Fcdn.sanity.io%2Fimages%2F41pq407l%2Fproduction%2F1c7ff99109dffebf638fcb4821b252ec90692c48-4800x3200.jpg&amp;w=3840&amp;q=75"
"education_medicare-plans-with-dental-coverage","5","image"," Eligibility Criteria for Medicare Savings Programs","/_next/image?url=https%3A%2F%2Fcdn.sanity.io%2Fimages%2F41pq407l%2Fproduction%2Fa93de6b90953ff332b50a85f8120805a61dfbff5-6720x4480.jpg&amp;w=3840&amp;q=75"
"education_medicare-plans-with-enhanced-dental-coverage","1","image","Medicare Plans with Enhanced Dental Coverage","/_next/image?url=https%3A%2F%2Fcdn.sanity.io%2Fimages%2F41pq407l%2Fproduction%2Fcd406124e0cb170c23acb1b60b9576871472f236-5641x3753.jpg&amp;w=3840&amp;q=75"
"education_medicare-plans-with-enhanced-dental-coverage","2","image","iHealth Plans","/_next/image?url=https%3A%2F%2Fcdn.sanity.io%2Fimages%2F41pq407l%2Fproduction%2F933440a30a9dfefb51a402c290db1c864229d0b4-263x265.png&amp;w=3840&amp;q=75"
"education_medicare-plans-with-enhanced-dental-coverage","3","image","Medicare and Vision Coverage","/_next/image?url=https%3A%2F%2Fcdn.sanity.io%2Fimages%2F41pq407l%2Fproduction%2Fdc0462cb0254f05d336c9dd89d54c547e9a2eee1-6720x4480.jpg&amp;w=3840&amp;q=75"
"education_medicare-plans-with-enhanced-dental-coverage","4","image","Aetna Medicare Plans and Benefits","/_next/image?url=https%3A%2F%2Fcdn.sanity.io%2Fimages%2F41pq407l%2Fproduction%2F1c7ff99109dffebf638fcb4821b252ec90692c48-4800x3200.jpg&amp;w=3840&amp;q=75"
"education_medicare-plans-with-enhanced-dental-coverage","5","image"," Eligibility Criteria for Medicare Savings Programs","/_next/image?url=https%3A%2F%2Fcdn.sanity.io%2Fimages%2F41pq407l%2Fproduction%2Fa93de6b90953ff332b50a85f8120805a61dfbff5-6720x4480.jpg&amp;w=3840&amp;q=75"
"education_medicare-savings-programs-assistance-for-low-income-individuals","1","image","Medicare Savings Programs: Assistance for Low-Income Individuals","/_next/image?url=https%3A%2F%2Fcdn.sanity.io%2Fimages%2F41pq407l%2Fproduction%2F5d2228c973dbeb27f069a091090efb60e2d645be-6000x4008.jpg&amp;w=3840&amp;q=75"
"education_medicare-savings-programs-assistance-for-low-income-individuals","2","image","iHealth Plans","/_next/image?url=https%3A%2F%2Fcdn.sanity.io%2Fimages%2F41pq407l%2Fproduction%2F933440a30a9dfefb51a402c290db1c864229d0b4-263x265.png&amp;w=3840&amp;q=75"
"education_medicare-savings-programs-assistance-for-low-income-individuals","3","image","Medicare and Vision Coverage","/_next/image?url=https%3A%2F%2Fcdn.sanity.io%2Fimages%2F41pq407l%2Fproduction%2Fdc0462cb0254f05d336c9dd89d54c547e9a2eee1-6720x4480.jpg&amp;w=3840&amp;q=75"
"education_medicare-savings-programs-assistance-for-low-income-individuals","4","image","Aetna Medicare Plans and Benefits","/_next/image?url=https%3A%2F%2Fcdn.sanity.io%2Fimages%2F41pq407l%2Fproduction%2F1c7ff99109dffebf638fcb4821b252ec90692c48-4800x3200.jpg&amp;w=3840&amp;q=75"
"education_medicare-savings-programs-assistance-for-low-income-individuals","5","image"," Eligibility Criteria for Medicare Savings Programs","/_next/image?url=https%3A%2F%2Fcdn.sanity.io%2Fimages%2F41pq407l%2Fproduction%2Fa93de6b90953ff332b50a85f8120805a61dfbff5-6720x4480.jpg&amp;w=3840&amp;q=75"
"education_medicare-united-health-care-advantage-plans","1","image","Medicare United Health Care Advantage Plans","/_next/image?url=https%3A%2F%2Fcdn.sanity.io%2Fimages%2F41pq407l%2Fproduction%2Fcd406124e0cb170c23acb1b60b9576871472f236-5641x3753.jpg&amp;w=3840&amp;q=75"
"education_medicare-united-health-care-advantage-plans","2","image","iHealth Plans","/_next/image?url=https%3A%2F%2Fcdn.sanity.io%2Fimages%2F41pq407l%2Fproduction%2F933440a30a9dfefb51a402c290db1c864229d0b4-263x265.png&amp;w=3840&amp;q=75"
"education_medicare-united-health-care-advantage-plans","3","image","Medicare and Vision Coverage","/_next/image?url=https%3A%2F%2Fcdn.sanity.io%2Fimages%2F41pq407l%2Fproduction%2Fdc0462cb0254f05d336c9dd89d54c547e9a2eee1-6720x4480.jpg&amp;w=3840&amp;q=75"
"education_medicare-united-health-care-advantage-plans","4","image","Aetna Medicare Plans and Benefits","/_next/image?url=https%3A%2F%2Fcdn.sanity.io%2Fimages%2F41pq407l%2Fproduction%2F1c7ff99109dffebf638fcb4821b252ec90692c48-4800x3200.jpg&amp;w=3840&amp;q=75"
"education_medicare-united-health-care-advantage-plans","5","image"," Eligibility Criteria for Medicare Savings Programs","/_next/image?url=https%3A%2F%2Fcdn.sanity.io%2Fimages%2F41pq407l%2Fproduction%2Fa93de6b90953ff332b50a85f8120805a61dfbff5-6720x4480.jpg&amp;w=3840&amp;q=75"
"education_medicare-vs-medicare-advantage-a-comparison","1","image","Medicare vs. Medicare Advantage: A Comparison","/_next/image?url=https%3A%2F%2Fcdn.sanity.io%2Fimages%2F41pq407l%2Fproduction%2F12c5977a3ae73717922131a47c715d579be9a15a-7422x5283.jpg&amp;w=3840&amp;q=75"
"education_medicare-vs-medicare-advantage-a-comparison","2","image","iHealth Plans","/_next/image?url=https%3A%2F%2Fcdn.sanity.io%2Fimages%2F41pq407l%2Fproduction%2F933440a30a9dfefb51a402c290db1c864229d0b4-263x265.png&amp;w=3840&amp;q=75"
"education_medicare-vs-medicare-advantage-a-comparison","3","image","Medicare and Vision Coverage","/_next/image?url=https%3A%2F%2Fcdn.sanity.io%2Fimages%2F41pq407l%2Fproduction%2Fdc0462cb0254f05d336c9dd89d54c547e9a2eee1-6720x4480.jpg&amp;w=3840&amp;q=75"
"education_medicare-vs-medicare-advantage-a-comparison","4","image","Aetna Medicare Plans and Benefits","/_next/image?url=https%3A%2F%2Fcdn.sanity.io%2Fimages%2F41pq407l%2Fproduction%2F1c7ff99109dffebf638fcb4821b252ec90692c48-4800x3200.jpg&amp;w=3840&amp;q=75"
"education_medicare-vs-medicare-advantage-a-comparison","5","image"," Eligibility Criteria for Medicare Savings Programs","/_next/image?url=https%3A%2F%2Fcdn.sanity.io%2Fimages%2F41pq407l%2Fproduction%2Fa93de6b90953ff332b50a85f8120805a61dfbff5-6720x4480.jpg&amp;w=3840&amp;q=75"
"education_navigating-changes-in-medigap-plans-adapting-to-your-health-needs","1","image"," Navigating Changes in Medigap Plans: Adapting to Your Health Needs","/_next/image?url=https%3A%2F%2Fcdn.sanity.io%2Fimages%2F41pq407l%2Fproduction%2F712591df420962f858e2eba20fe719af65486a59-8192x5464.jpg&amp;w=3840&amp;q=75"
"education_navigating-changes-in-medigap-plans-adapting-to-your-health-needs","2","image","iHealth Plans","/_next/image?url=https%3A%2F%2Fcdn.sanity.io%2Fimages%2F41pq407l%2Fproduction%2F933440a30a9dfefb51a402c290db1c864229d0b4-263x265.png&amp;w=3840&amp;q=75"
"education_navigating-changes-in-medigap-plans-adapting-to-your-health-needs","3","image","Medicare and Vision Coverage","/_next/image?url=https%3A%2F%2Fcdn.sanity.io%2Fimages%2F41pq407l%2Fproduction%2Fdc0462cb0254f05d336c9dd89d54c547e9a2eee1-6720x4480.jpg&amp;w=3840&amp;q=75"
"education_navigating-changes-in-medigap-plans-adapting-to-your-health-needs","4","image","Aetna Medicare Plans and Benefits","/_next/image?url=https%3A%2F%2Fcdn.sanity.io%2Fimages%2F41pq407l%2Fproduction%2F1c7ff99109dffebf638fcb4821b252ec90692c48-4800x3200.jpg&amp;w=3840&amp;q=75"
"education_navigating-changes-in-medigap-plans-adapting-to-your-health-needs","5","image"," Eligibility Criteria for Medicare Savings Programs","/_next/image?url=https%3A%2F%2Fcdn.sanity.io%2Fimages%2F41pq407l%2Fproduction%2Fa93de6b90953ff332b50a85f8120805a61dfbff5-6720x4480.jpg&amp;w=3840&amp;q=75"
"education_navigating-medicare-open-enrollment-tips-for-choosing-the-right-plan","1","image","Navigating Medicare Open Enrollment: Tips for Choosing the Right Plan","/_next/image?url=https%3A%2F%2Fcdn.sanity.io%2Fimages%2F41pq407l%2Fproduction%2F44cccaffe66e425840576d9ed01d7b74d50a10f1-5388x3621.jpg&amp;w=3840&amp;q=75"
"education_navigating-medicare-open-enrollment-tips-for-choosing-the-right-plan","2","image","iHealth Plans","/_next/image?url=https%3A%2F%2Fcdn.sanity.io%2Fimages%2F41pq407l%2Fproduction%2F933440a30a9dfefb51a402c290db1c864229d0b4-263x265.png&amp;w=3840&amp;q=75"
"education_navigating-medicare-open-enrollment-tips-for-choosing-the-right-plan","3","image","Medicare and Vision Coverage","/_next/image?url=https%3A%2F%2Fcdn.sanity.io%2Fimages%2F41pq407l%2Fproduction%2Fdc0462cb0254f05d336c9dd89d54c547e9a2eee1-6720x4480.jpg&amp;w=3840&amp;q=75"
"education_navigating-medicare-open-enrollment-tips-for-choosing-the-right-plan","4","image","Aetna Medicare Plans and Benefits","/_next/image?url=https%3A%2F%2Fcdn.sanity.io%2Fimages%2F41pq407l%2Fproduction%2F1c7ff99109dffebf638fcb4821b252ec90692c48-4800x3200.jpg&amp;w=3840&amp;q=75"
"education_navigating-medicare-open-enrollment-tips-for-choosing-the-right-plan","5","image"," Eligibility Criteria for Medicare Savings Programs","/_next/image?url=https%3A%2F%2Fcdn.sanity.io%2Fimages%2F41pq407l%2Fproduction%2Fa93de6b90953ff332b50a85f8120805a61dfbff5-6720x4480.jpg&amp;w=3840&amp;q=75"
"education_navigating-medicare-supplement-plans","1","image","Navigating Medicare Supplement Plans","/_next/image?url=https%3A%2F%2Fcdn.sanity.io%2Fimages%2F41pq407l%2Fproduction%2F1dc58375d4bb401c2a8106805a82a16e974fd389-5358x3572.jpg&amp;w=3840&amp;q=75"
"education_navigating-medicare-supplement-plans","2","image","iHealth Plans","/_next/image?url=https%3A%2F%2Fcdn.sanity.io%2Fimages%2F41pq407l%2Fproduction%2F933440a30a9dfefb51a402c290db1c864229d0b4-263x265.png&amp;w=3840&amp;q=75"
"education_navigating-medicare-supplement-plans","3","image","Medicare and Vision Coverage","/_next/image?url=https%3A%2F%2Fcdn.sanity.io%2Fimages%2F41pq407l%2Fproduction%2Fdc0462cb0254f05d336c9dd89d54c547e9a2eee1-6720x4480.jpg&amp;w=3840&amp;q=75"
"education_navigating-medicare-supplement-plans","4","image","Aetna Medicare Plans and Benefits","/_next/image?url=https%3A%2F%2Fcdn.sanity.io%2Fimages%2F41pq407l%2Fproduction%2F1c7ff99109dffebf638fcb4821b252ec90692c48-4800x3200.jpg&amp;w=3840&amp;q=75"
"education_navigating-medicare-supplement-plans","5","image"," Eligibility Criteria for Medicare Savings Programs","/_next/image?url=https%3A%2F%2Fcdn.sanity.io%2Fimages%2F41pq407l%2Fproduction%2Fa93de6b90953ff332b50a85f8120805a61dfbff5-6720x4480.jpg&amp;w=3840&amp;q=75"
"education_navigating-medigap-options-an-in-depth-overview-of-medicare-supplement-insurance","1","image","Navigating Medigap Options: An In-Depth Overview of Medicare Supplement Insurance","/_next/image?url=https%3A%2F%2Fcdn.sanity.io%2Fimages%2F41pq407l%2Fproduction%2F7e374694d1e729ade7c946b67ad24d1f02e8eb02-5692x3747.jpg&amp;w=3840&amp;q=75"
"education_navigating-medigap-options-an-in-depth-overview-of-medicare-supplement-insurance","2","image","iHealth Plans","/_next/image?url=https%3A%2F%2Fcdn.sanity.io%2Fimages%2F41pq407l%2Fproduction%2F933440a30a9dfefb51a402c290db1c864229d0b4-263x265.png&amp;w=3840&amp;q=75"
"education_navigating-medigap-options-an-in-depth-overview-of-medicare-supplement-insurance","3","image","Medicare and Vision Coverage","/_next/image?url=https%3A%2F%2Fcdn.sanity.io%2Fimages%2F41pq407l%2Fproduction%2Fdc0462cb0254f05d336c9dd89d54c547e9a2eee1-6720x4480.jpg&amp;w=3840&amp;q=75"
"education_navigating-medigap-options-an-in-depth-overview-of-medicare-supplement-insurance","4","image","Aetna Medicare Plans and Benefits","/_next/image?url=https%3A%2F%2Fcdn.sanity.io%2Fimages%2F41pq407l%2Fproduction%2F1c7ff99109dffebf638fcb4821b252ec90692c48-4800x3200.jpg&amp;w=3840&amp;q=75"
"education_navigating-medigap-options-an-in-depth-overview-of-medicare-supplement-insurance","5","image"," Eligibility Criteria for Medicare Savings Programs","/_next/image?url=https%3A%2F%2Fcdn.sanity.io%2Fimages%2F41pq407l%2Fproduction%2Fa93de6b90953ff332b50a85f8120805a61dfbff5-6720x4480.jpg&amp;w=3840&amp;q=75"
"education_navigating-prescription-drug-coverage-a-comprehensive-guide-to-medicare-part-d-enrollment","1","image","Navigating Prescription Drug Coverage: Assessing Needs and Enrolling in Medicare Part D","/_next/image?url=https%3A%2F%2Fcdn.sanity.io%2Fimages%2F41pq407l%2Fproduction%2F437b0d70937074c9b9540a09a61c6329f55d6ddd-6720x4480.jpg&amp;w=3840&amp;q=75"
"education_navigating-prescription-drug-coverage-a-comprehensive-guide-to-medicare-part-d-enrollment","2","image","iHealth Plans","/_next/image?url=https%3A%2F%2Fcdn.sanity.io%2Fimages%2F41pq407l%2Fproduction%2F933440a30a9dfefb51a402c290db1c864229d0b4-263x265.png&amp;w=3840&amp;q=75"
"education_navigating-prescription-drug-coverage-a-comprehensive-guide-to-medicare-part-d-enrollment","3","image","Medicare and Vision Coverage","/_next/image?url=https%3A%2F%2Fcdn.sanity.io%2Fimages%2F41pq407l%2Fproduction%2Fdc0462cb0254f05d336c9dd89d54c547e9a2eee1-6720x4480.jpg&amp;w=3840&amp;q=75"
"education_navigating-prescription-drug-coverage-a-comprehensive-guide-to-medicare-part-d-enrollment","4","image","Aetna Medicare Plans and Benefits","/_next/image?url=https%3A%2F%2Fcdn.sanity.io%2Fimages%2F41pq407l%2Fproduction%2F1c7ff99109dffebf638fcb4821b252ec90692c48-4800x3200.jpg&amp;w=3840&amp;q=75"
"education_navigating-prescription-drug-coverage-a-comprehensive-guide-to-medicare-part-d-enrollment","5","image"," Eligibility Criteria for Medicare Savings Programs","/_next/image?url=https%3A%2F%2Fcdn.sanity.io%2Fimages%2F41pq407l%2Fproduction%2Fa93de6b90953ff332b50a85f8120805a61dfbff5-6720x4480.jpg&amp;w=3840&amp;q=75"
"education_navigating-the-layers-a-guide-to-comprehensive-health-insurance-coverage","1","image","Navigating the Layers: A Guide to Comprehensive Health Insurance Coverage","/_next/image?url=https%3A%2F%2Fcdn.sanity.io%2Fimages%2F41pq407l%2Fproduction%2F69cb76b9bba934ac6d994e00af56b1782d9f3203-5976x3281.jpg&amp;w=3840&amp;q=75"
"education_navigating-the-layers-a-guide-to-comprehensive-health-insurance-coverage","2","image","iHealth Plans","/_next/image?url=https%3A%2F%2Fcdn.sanity.io%2Fimages%2F41pq407l%2Fproduction%2F933440a30a9dfefb51a402c290db1c864229d0b4-263x265.png&amp;w=3840&amp;q=75"
"education_navigating-the-layers-a-guide-to-comprehensive-health-insurance-coverage","3","image","Medicare and Vision Coverage","/_next/image?url=https%3A%2F%2Fcdn.sanity.io%2Fimages%2F41pq407l%2Fproduction%2Fdc0462cb0254f05d336c9dd89d54c547e9a2eee1-6720x4480.jpg&amp;w=3840&amp;q=75"
"education_navigating-the-layers-a-guide-to-comprehensive-health-insurance-coverage","4","image","Aetna Medicare Plans and Benefits","/_next/image?url=https%3A%2F%2Fcdn.sanity.io%2Fimages%2F41pq407l%2Fproduction%2F1c7ff99109dffebf638fcb4821b252ec90692c48-4800x3200.jpg&amp;w=3840&amp;q=75"
"education_navigating-the-layers-a-guide-to-comprehensive-health-insurance-coverage","5","image"," Eligibility Criteria for Medicare Savings Programs","/_next/image?url=https%3A%2F%2Fcdn.sanity.io%2Fimages%2F41pq407l%2Fproduction%2Fa93de6b90953ff332b50a85f8120805a61dfbff5-6720x4480.jpg&amp;w=3840&amp;q=75"
"education_overview-of-humana-medicare-advantage-plans","1","image","Overview of Humana Medicare Advantage Plans ","/_next/image?url=https%3A%2F%2Fcdn.sanity.io%2Fimages%2F41pq407l%2Fproduction%2F54ad991604e6b788fdf37496208d64c49045da92-6720x4480.jpg&amp;w=3840&amp;q=75"
"education_overview-of-humana-medicare-advantage-plans","2","image","iHealth Plans","/_next/image?url=https%3A%2F%2Fcdn.sanity.io%2Fimages%2F41pq407l%2Fproduction%2F933440a30a9dfefb51a402c290db1c864229d0b4-263x265.png&amp;w=3840&amp;q=75"
"education_overview-of-humana-medicare-advantage-plans","3","image","Medicare and Vision Coverage","/_next/image?url=https%3A%2F%2Fcdn.sanity.io%2Fimages%2F41pq407l%2Fproduction%2Fdc0462cb0254f05d336c9dd89d54c547e9a2eee1-6720x4480.jpg&amp;w=3840&amp;q=75"
"education_overview-of-humana-medicare-advantage-plans","4","image","Aetna Medicare Plans and Benefits","/_next/image?url=https%3A%2F%2Fcdn.sanity.io%2Fimages%2F41pq407l%2Fproduction%2F1c7ff99109dffebf638fcb4821b252ec90692c48-4800x3200.jpg&amp;w=3840&amp;q=75"
"education_overview-of-humana-medicare-advantage-plans","5","image"," Eligibility Criteria for Medicare Savings Programs","/_next/image?url=https%3A%2F%2Fcdn.sanity.io%2Fimages%2F41pq407l%2Fproduction%2Fa93de6b90953ff332b50a85f8120805a61dfbff5-6720x4480.jpg&amp;w=3840&amp;q=75"
"education_overview-of-unitedhealthcare-medicare-advantage-plans","1","image","Overview of UnitedHealthcare Medicare Advantage Plans","/_next/image?url=https%3A%2F%2Fcdn.sanity.io%2Fimages%2F41pq407l%2Fproduction%2F0791d986a85e9e5a9dadd52ced37fa61447ba26e-8192x5464.jpg&amp;w=3840&amp;q=75"
"education_overview-of-unitedhealthcare-medicare-advantage-plans","2","image","iHealth Plans","/_next/image?url=https%3A%2F%2Fcdn.sanity.io%2Fimages%2F41pq407l%2Fproduction%2F933440a30a9dfefb51a402c290db1c864229d0b4-263x265.png&amp;w=3840&amp;q=75"
"education_overview-of-unitedhealthcare-medicare-advantage-plans","3","image","Medicare and Vision Coverage","/_next/image?url=https%3A%2F%2Fcdn.sanity.io%2Fimages%2F41pq407l%2Fproduction%2Fdc0462cb0254f05d336c9dd89d54c547e9a2eee1-6720x4480.jpg&amp;w=3840&amp;q=75"
"education_overview-of-unitedhealthcare-medicare-advantage-plans","4","image","Aetna Medicare Plans and Benefits","/_next/image?url=https%3A%2F%2Fcdn.sanity.io%2Fimages%2F41pq407l%2Fproduction%2F1c7ff99109dffebf638fcb4821b252ec90692c48-4800x3200.jpg&amp;w=3840&amp;q=75"
"education_overview-of-unitedhealthcare-medicare-advantage-plans","5","image"," Eligibility Criteria for Medicare Savings Programs","/_next/image?url=https%3A%2F%2Fcdn.sanity.io%2Fimages%2F41pq407l%2Fproduction%2Fa93de6b90953ff332b50a85f8120805a61dfbff5-6720x4480.jpg&amp;w=3840&amp;q=75"
"education_prescription-drug-coverage-navigating-medicare-part-d-plans","1","image","Prescription Drug Coverage: Navigating Medicare Part D Plans","/_next/image?url=https%3A%2F%2Fcdn.sanity.io%2Fimages%2F41pq407l%2Fproduction%2F61653a460c27a79a729cad36612e29105728500d-7188x5392.jpg&amp;w=3840&amp;q=75"
"education_prescription-drug-coverage-navigating-medicare-part-d-plans","2","image","iHealth Plans","/_next/image?url=https%3A%2F%2Fcdn.sanity.io%2Fimages%2F41pq407l%2Fproduction%2F933440a30a9dfefb51a402c290db1c864229d0b4-263x265.png&amp;w=3840&amp;q=75"
"education_prescription-drug-coverage-navigating-medicare-part-d-plans","3","image","Medicare and Vision Coverage","/_next/image?url=https%3A%2F%2Fcdn.sanity.io%2Fimages%2F41pq407l%2Fproduction%2Fdc0462cb0254f05d336c9dd89d54c547e9a2eee1-6720x4480.jpg&amp;w=3840&amp;q=75"
"education_prescription-drug-coverage-navigating-medicare-part-d-plans","4","image","Aetna Medicare Plans and Benefits","/_next/image?url=https%3A%2F%2Fcdn.sanity.io%2Fimages%2F41pq407l%2Fproduction%2F1c7ff99109dffebf638fcb4821b252ec90692c48-4800x3200.jpg&amp;w=3840&amp;q=75"
"education_prescription-drug-coverage-navigating-medicare-part-d-plans","5","image"," Eligibility Criteria for Medicare Savings Programs","/_next/image?url=https%3A%2F%2Fcdn.sanity.io%2Fimages%2F41pq407l%2Fproduction%2Fa93de6b90953ff332b50a85f8120805a61dfbff5-6720x4480.jpg&amp;w=3840&amp;q=75"
"education_provider-networks-and-access-to-care-navigating-healthcare-networks","1","image","Provider Networks and Access to Care: Navigating Healthcare Networks","/_next/image?url=https%3A%2F%2Fcdn.sanity.io%2Fimages%2F41pq407l%2Fproduction%2F7d103b39e85f52f1d01907a01e159909c0b36306-6235x3538.jpg&amp;w=3840&amp;q=75"
"education_provider-networks-and-access-to-care-navigating-healthcare-networks","2","image","iHealth Plans","/_next/image?url=https%3A%2F%2Fcdn.sanity.io%2Fimages%2F41pq407l%2Fproduction%2F933440a30a9dfefb51a402c290db1c864229d0b4-263x265.png&amp;w=3840&amp;q=75"
"education_provider-networks-and-access-to-care-navigating-healthcare-networks","3","image","Medicare and Vision Coverage","/_next/image?url=https%3A%2F%2Fcdn.sanity.io%2Fimages%2F41pq407l%2Fproduction%2Fdc0462cb0254f05d336c9dd89d54c547e9a2eee1-6720x4480.jpg&amp;w=3840&amp;q=75"
"education_provider-networks-and-access-to-care-navigating-healthcare-networks","4","image","Aetna Medicare Plans and Benefits","/_next/image?url=https%3A%2F%2Fcdn.sanity.io%2Fimages%2F41pq407l%2Fproduction%2F1c7ff99109dffebf638fcb4821b252ec90692c48-4800x3200.jpg&amp;w=3840&amp;q=75"
"education_provider-networks-and-access-to-care-navigating-healthcare-networks","5","image"," Eligibility Criteria for Medicare Savings Programs","/_next/image?url=https%3A%2F%2Fcdn.sanity.io%2Fimages%2F41pq407l%2Fproduction%2Fa93de6b90953ff332b50a85f8120805a61dfbff5-6720x4480.jpg&amp;w=3840&amp;q=75"
"education_reliable-blue-cross-medicare-advantage-plans","1","image","Reliable Blue Cross Medicare Advantage Plans","/_next/image?url=https%3A%2F%2Fcdn.sanity.io%2Fimages%2F41pq407l%2Fproduction%2F26083d0eda1ed3e4da620c748e74b36cf1a2e314-4936x3296.jpg&amp;w=3840&amp;q=75"
"education_reliable-blue-cross-medicare-advantage-plans","2","image","iHealth Plans","/_next/image?url=https%3A%2F%2Fcdn.sanity.io%2Fimages%2F41pq407l%2Fproduction%2F933440a30a9dfefb51a402c290db1c864229d0b4-263x265.png&amp;w=3840&amp;q=75"
"education_reliable-blue-cross-medicare-advantage-plans","3","image","Medicare and Vision Coverage","/_next/image?url=https%3A%2F%2Fcdn.sanity.io%2Fimages%2F41pq407l%2Fproduction%2Fdc0462cb0254f05d336c9dd89d54c547e9a2eee1-6720x4480.jpg&amp;w=3840&amp;q=75"
"education_reliable-blue-cross-medicare-advantage-plans","4","image","Aetna Medicare Plans and Benefits","/_next/image?url=https%3A%2F%2Fcdn.sanity.io%2Fimages%2F41pq407l%2Fproduction%2F1c7ff99109dffebf638fcb4821b252ec90692c48-4800x3200.jpg&amp;w=3840&amp;q=75"
"education_reliable-blue-cross-medicare-advantage-plans","5","image"," Eligibility Criteria for Medicare Savings Programs","/_next/image?url=https%3A%2F%2Fcdn.sanity.io%2Fimages%2F41pq407l%2Fproduction%2Fa93de6b90953ff332b50a85f8120805a61dfbff5-6720x4480.jpg&amp;w=3840&amp;q=75"
"education_reliable-united-healthcare-advantage-plans","1","image","Reliable United Healthcare Advantage Plans","/_next/image?url=https%3A%2F%2Fcdn.sanity.io%2Fimages%2F41pq407l%2Fproduction%2Fd8831e86752148e35c16ebe07db524565e86a66f-6000x3375.jpg&amp;w=3840&amp;q=75"
"education_reliable-united-healthcare-advantage-plans","2","image","iHealth Plans","/_next/image?url=https%3A%2F%2Fcdn.sanity.io%2Fimages%2F41pq407l%2Fproduction%2F933440a30a9dfefb51a402c290db1c864229d0b4-263x265.png&amp;w=3840&amp;q=75"
"education_reliable-united-healthcare-advantage-plans","3","image","Medicare and Vision Coverage","/_next/image?url=https%3A%2F%2Fcdn.sanity.io%2Fimages%2F41pq407l%2Fproduction%2Fdc0462cb0254f05d336c9dd89d54c547e9a2eee1-6720x4480.jpg&amp;w=3840&amp;q=75"
"education_reliable-united-healthcare-advantage-plans","4","image","Aetna Medicare Plans and Benefits","/_next/image?url=https%3A%2F%2Fcdn.sanity.io%2Fimages%2F41pq407l%2Fproduction%2F1c7ff99109dffebf638fcb4821b252ec90692c48-4800x3200.jpg&amp;w=3840&amp;q=75"
"education_reliable-united-healthcare-advantage-plans","5","image"," Eligibility Criteria for Medicare Savings Programs","/_next/image?url=https%3A%2F%2Fcdn.sanity.io%2Fimages%2F41pq407l%2Fproduction%2Fa93de6b90953ff332b50a85f8120805a61dfbff5-6720x4480.jpg&amp;w=3840&amp;q=75"
"education_selecting-the-best-medicare-advantage-plans","1","image","Selecting the Best Medicare Advantage Plans","/_next/image?url=https%3A%2F%2Fcdn.sanity.io%2Fimages%2F41pq407l%2Fproduction%2Fcd406124e0cb170c23acb1b60b9576871472f236-5641x3753.jpg&amp;w=3840&amp;q=75"
"education_selecting-the-best-medicare-advantage-plans","2","image","iHealth Plans","/_next/image?url=https%3A%2F%2Fcdn.sanity.io%2Fimages%2F41pq407l%2Fproduction%2F933440a30a9dfefb51a402c290db1c864229d0b4-263x265.png&amp;w=3840&amp;q=75"
"education_selecting-the-best-medicare-advantage-plans","3","image","Medicare and Vision Coverage","/_next/image?url=https%3A%2F%2Fcdn.sanity.io%2Fimages%2F41pq407l%2Fproduction%2Fdc0462cb0254f05d336c9dd89d54c547e9a2eee1-6720x4480.jpg&amp;w=3840&amp;q=75"
"education_selecting-the-best-medicare-advantage-plans","4","image","Aetna Medicare Plans and Benefits","/_next/image?url=https%3A%2F%2Fcdn.sanity.io%2Fimages%2F41pq407l%2Fproduction%2F1c7ff99109dffebf638fcb4821b252ec90692c48-4800x3200.jpg&amp;w=3840&amp;q=75"
"education_selecting-the-best-medicare-advantage-plans","5","image"," Eligibility Criteria for Medicare Savings Programs","/_next/image?url=https%3A%2F%2Fcdn.sanity.io%2Fimages%2F41pq407l%2Fproduction%2Fa93de6b90953ff332b50a85f8120805a61dfbff5-6720x4480.jpg&amp;w=3840&amp;q=75"
"education_selecting-the-ideal-medicare-advantage-plan","1","image","Selecting the Ideal Medicare Advantage Plan","/_next/image?url=https%3A%2F%2Fcdn.sanity.io%2Fimages%2F41pq407l%2Fproduction%2F1c7ff99109dffebf638fcb4821b252ec90692c48-4800x3200.jpg&amp;w=3840&amp;q=75"
"education_selecting-the-ideal-medicare-advantage-plan","2","image","iHealth Plans","/_next/image?url=https%3A%2F%2Fcdn.sanity.io%2Fimages%2F41pq407l%2Fproduction%2F933440a30a9dfefb51a402c290db1c864229d0b4-263x265.png&amp;w=3840&amp;q=75"
"education_selecting-the-ideal-medicare-advantage-plan","3","image","Medicare and Vision Coverage","/_next/image?url=https%3A%2F%2Fcdn.sanity.io%2Fimages%2F41pq407l%2Fproduction%2Fdc0462cb0254f05d336c9dd89d54c547e9a2eee1-6720x4480.jpg&amp;w=3840&amp;q=75"
"education_selecting-the-ideal-medicare-advantage-plan","4","image","Aetna Medicare Plans and Benefits","/_next/image?url=https%3A%2F%2Fcdn.sanity.io%2Fimages%2F41pq407l%2Fproduction%2F1c7ff99109dffebf638fcb4821b252ec90692c48-4800x3200.jpg&amp;w=3840&amp;q=75"
"education_selecting-the-ideal-medicare-advantage-plan","5","image"," Eligibility Criteria for Medicare Savings Programs","/_next/image?url=https%3A%2F%2Fcdn.sanity.io%2Fimages%2F41pq407l%2Fproduction%2Fa93de6b90953ff332b50a85f8120805a61dfbff5-6720x4480.jpg&amp;w=3840&amp;q=75"
"education_telehealth-and-mental-health-bridging-gaps-in-access-to-care","1","image","Telehealth and Mental Health: Bridging Gaps in Access to Care","/_next/image?url=https%3A%2F%2Fcdn.sanity.io%2Fimages%2F41pq407l%2Fproduction%2F0e337b0b7b1cd17f5b2288c945019fdc95cc1a90-6720x4480.jpg&amp;w=3840&amp;q=75"
"education_telehealth-and-mental-health-bridging-gaps-in-access-to-care","2","image","iHealth Plans","/_next/image?url=https%3A%2F%2Fcdn.sanity.io%2Fimages%2F41pq407l%2Fproduction%2F933440a30a9dfefb51a402c290db1c864229d0b4-263x265.png&amp;w=3840&amp;q=75"
"education_telehealth-and-mental-health-bridging-gaps-in-access-to-care","3","image","Medicare and Vision Coverage","/_next/image?url=https%3A%2F%2Fcdn.sanity.io%2Fimages%2F41pq407l%2Fproduction%2Fdc0462cb0254f05d336c9dd89d54c547e9a2eee1-6720x4480.jpg&amp;w=3840&amp;q=75"
"education_telehealth-and-mental-health-bridging-gaps-in-access-to-care","4","image","Aetna Medicare Plans and Benefits","/_next/image?url=https%3A%2F%2Fcdn.sanity.io%2Fimages%2F41pq407l%2Fproduction%2F1c7ff99109dffebf638fcb4821b252ec90692c48-4800x3200.jpg&amp;w=3840&amp;q=75"
"education_telehealth-and-mental-health-bridging-gaps-in-access-to-care","5","image"," Eligibility Criteria for Medicare Savings Programs","/_next/image?url=https%3A%2F%2Fcdn.sanity.io%2Fimages%2F41pq407l%2Fproduction%2Fa93de6b90953ff332b50a85f8120805a61dfbff5-6720x4480.jpg&amp;w=3840&amp;q=75"
"education_the-benefits-of-medicare-annual-enrollment-period","1","image","The Benefits of Medicare Annual Enrollment Period","/_next/image?url=https%3A%2F%2Fcdn.sanity.io%2Fimages%2F41pq407l%2Fproduction%2F54ad991604e6b788fdf37496208d64c49045da92-6720x4480.jpg&amp;w=3840&amp;q=75"
"education_the-benefits-of-medicare-annual-enrollment-period","2","image","iHealth Plans","/_next/image?url=https%3A%2F%2Fcdn.sanity.io%2Fimages%2F41pq407l%2Fproduction%2F933440a30a9dfefb51a402c290db1c864229d0b4-263x265.png&amp;w=3840&amp;q=75"
"education_the-benefits-of-medicare-annual-enrollment-period","3","image","Medicare and Vision Coverage","/_next/image?url=https%3A%2F%2Fcdn.sanity.io%2Fimages%2F41pq407l%2Fproduction%2Fdc0462cb0254f05d336c9dd89d54c547e9a2eee1-6720x4480.jpg&amp;w=3840&amp;q=75"
"education_the-benefits-of-medicare-annual-enrollment-period","4","image","Aetna Medicare Plans and Benefits","/_next/image?url=https%3A%2F%2Fcdn.sanity.io%2Fimages%2F41pq407l%2Fproduction%2F1c7ff99109dffebf638fcb4821b252ec90692c48-4800x3200.jpg&amp;w=3840&amp;q=75"
"education_the-benefits-of-medicare-annual-enrollment-period","5","image"," Eligibility Criteria for Medicare Savings Programs","/_next/image?url=https%3A%2F%2Fcdn.sanity.io%2Fimages%2F41pq407l%2Fproduction%2Fa93de6b90953ff332b50a85f8120805a61dfbff5-6720x4480.jpg&amp;w=3840&amp;q=75"
"education_the-benefits-of-medicare-part-b-preventive-services","1","image","The Benefits of Medicare Part B Preventive Services","/_next/image?url=https%3A%2F%2Fcdn.sanity.io%2Fimages%2F41pq407l%2Fproduction%2F1dc58375d4bb401c2a8106805a82a16e974fd389-5358x3572.jpg&amp;w=3840&amp;q=75"
"education_the-benefits-of-medicare-part-b-preventive-services","2","image","iHealth Plans","/_next/image?url=https%3A%2F%2Fcdn.sanity.io%2Fimages%2F41pq407l%2Fproduction%2F933440a30a9dfefb51a402c290db1c864229d0b4-263x265.png&amp;w=3840&amp;q=75"
"education_the-benefits-of-medicare-part-b-preventive-services","3","image","Medicare and Vision Coverage","/_next/image?url=https%3A%2F%2Fcdn.sanity.io%2Fimages%2F41pq407l%2Fproduction%2Fdc0462cb0254f05d336c9dd89d54c547e9a2eee1-6720x4480.jpg&amp;w=3840&amp;q=75"
"education_the-benefits-of-medicare-part-b-preventive-services","4","image","Aetna Medicare Plans and Benefits","/_next/image?url=https%3A%2F%2Fcdn.sanity.io%2Fimages%2F41pq407l%2Fproduction%2F1c7ff99109dffebf638fcb4821b252ec90692c48-4800x3200.jpg&amp;w=3840&amp;q=75"
"education_the-benefits-of-medicare-part-b-preventive-services","5","image"," Eligibility Criteria for Medicare Savings Programs","/_next/image?url=https%3A%2F%2Fcdn.sanity.io%2Fimages%2F41pq407l%2Fproduction%2Fa93de6b90953ff332b50a85f8120805a61dfbff5-6720x4480.jpg&amp;w=3840&amp;q=75"
"education_the-benefits-of-medicare-wellness-programs","1","image","The Benefits of Medicare Wellness Programs","/_next/image?url=https%3A%2F%2Fcdn.sanity.io%2Fimages%2F41pq407l%2Fproduction%2Fdc0462cb0254f05d336c9dd89d54c547e9a2eee1-6720x4480.jpg&amp;w=3840&amp;q=75"
"education_the-benefits-of-medicare-wellness-programs","2","image","iHealth Plans","/_next/image?url=https%3A%2F%2Fcdn.sanity.io%2Fimages%2F41pq407l%2Fproduction%2F933440a30a9dfefb51a402c290db1c864229d0b4-263x265.png&amp;w=3840&amp;q=75"
"education_the-benefits-of-medicare-wellness-programs","3","image","Medicare and Vision Coverage","/_next/image?url=https%3A%2F%2Fcdn.sanity.io%2Fimages%2F41pq407l%2Fproduction%2Fdc0462cb0254f05d336c9dd89d54c547e9a2eee1-6720x4480.jpg&amp;w=3840&amp;q=75"
"education_the-benefits-of-medicare-wellness-programs","4","image","Aetna Medicare Plans and Benefits","/_next/image?url=https%3A%2F%2Fcdn.sanity.io%2Fimages%2F41pq407l%2Fproduction%2F1c7ff99109dffebf638fcb4821b252ec90692c48-4800x3200.jpg&amp;w=3840&amp;q=75"
"education_the-benefits-of-medicare-wellness-programs","5","image"," Eligibility Criteria for Medicare Savings Programs","/_next/image?url=https%3A%2F%2Fcdn.sanity.io%2Fimages%2F41pq407l%2Fproduction%2Fa93de6b90953ff332b50a85f8120805a61dfbff5-6720x4480.jpg&amp;w=3840&amp;q=75"
"education_the-evolution-of-telehealth-a-comprehensive-overview","1","image","The Evolution of Telehealth: A Comprehensive Overview","/_next/image?url=https%3A%2F%2Fcdn.sanity.io%2Fimages%2F41pq407l%2Fproduction%2Faece6fc83950aad733a66aa91696b381fc704545-4415x2943.jpg&amp;w=3840&amp;q=75"
"education_the-evolution-of-telehealth-a-comprehensive-overview","2","image","iHealth Plans","/_next/image?url=https%3A%2F%2Fcdn.sanity.io%2Fimages%2F41pq407l%2Fproduction%2F933440a30a9dfefb51a402c290db1c864229d0b4-263x265.png&amp;w=3840&amp;q=75"
"education_the-evolution-of-telehealth-a-comprehensive-overview","3","image","Medicare and Vision Coverage","/_next/image?url=https%3A%2F%2Fcdn.sanity.io%2Fimages%2F41pq407l%2Fproduction%2Fdc0462cb0254f05d336c9dd89d54c547e9a2eee1-6720x4480.jpg&amp;w=3840&amp;q=75"
"education_the-evolution-of-telehealth-a-comprehensive-overview","4","image","Aetna Medicare Plans and Benefits","/_next/image?url=https%3A%2F%2Fcdn.sanity.io%2Fimages%2F41pq407l%2Fproduction%2F1c7ff99109dffebf638fcb4821b252ec90692c48-4800x3200.jpg&amp;w=3840&amp;q=75"
"education_the-evolution-of-telehealth-a-comprehensive-overview","5","image"," Eligibility Criteria for Medicare Savings Programs","/_next/image?url=https%3A%2F%2Fcdn.sanity.io%2Fimages%2F41pq407l%2Fproduction%2Fa93de6b90953ff332b50a85f8120805a61dfbff5-6720x4480.jpg&amp;w=3840&amp;q=75"
"education_the-future-of-telehealth-trends-and-innovations","1","image","The Future of Telehealth: Trends and Innovations","/_next/image?url=https%3A%2F%2Fcdn.sanity.io%2Fimages%2F41pq407l%2Fproduction%2Fb4defd4e161207f4af02cc2a8ccf073f6326e47b-8192x5464.jpg&amp;w=3840&amp;q=75"
"education_the-future-of-telehealth-trends-and-innovations","2","image","iHealth Plans","/_next/image?url=https%3A%2F%2Fcdn.sanity.io%2Fimages%2F41pq407l%2Fproduction%2F933440a30a9dfefb51a402c290db1c864229d0b4-263x265.png&amp;w=3840&amp;q=75"
"education_the-future-of-telehealth-trends-and-innovations","3","image","Medicare and Vision Coverage","/_next/image?url=https%3A%2F%2Fcdn.sanity.io%2Fimages%2F41pq407l%2Fproduction%2Fdc0462cb0254f05d336c9dd89d54c547e9a2eee1-6720x4480.jpg&amp;w=3840&amp;q=75"
"education_the-future-of-telehealth-trends-and-innovations","4","image","Aetna Medicare Plans and Benefits","/_next/image?url=https%3A%2F%2Fcdn.sanity.io%2Fimages%2F41pq407l%2Fproduction%2F1c7ff99109dffebf638fcb4821b252ec90692c48-4800x3200.jpg&amp;w=3840&amp;q=75"
"education_the-future-of-telehealth-trends-and-innovations","5","image"," Eligibility Criteria for Medicare Savings Programs","/_next/image?url=https%3A%2F%2Fcdn.sanity.io%2Fimages%2F41pq407l%2Fproduction%2Fa93de6b90953ff332b50a85f8120805a61dfbff5-6720x4480.jpg&amp;w=3840&amp;q=75"
"education_the-impact-of-telehealth-on-medicare-advantages-and-coverage-considerations","1","image","The Impact of Telehealth on Medicare: Advantages and Coverage Considerations","/_next/image?url=https%3A%2F%2Fcdn.sanity.io%2Fimages%2F41pq407l%2Fproduction%2F2dd148062e4601eab892b5795fd074a8f2ebfd0c-6720x4480.jpg&amp;w=3840&amp;q=75"
"education_the-impact-of-telehealth-on-medicare-advantages-and-coverage-considerations","2","image","iHealth Plans","/_next/image?url=https%3A%2F%2Fcdn.sanity.io%2Fimages%2F41pq407l%2Fproduction%2F933440a30a9dfefb51a402c290db1c864229d0b4-263x265.png&amp;w=3840&amp;q=75"
"education_the-impact-of-telehealth-on-medicare-advantages-and-coverage-considerations","3","image","Medicare and Vision Coverage","/_next/image?url=https%3A%2F%2Fcdn.sanity.io%2Fimages%2F41pq407l%2Fproduction%2Fdc0462cb0254f05d336c9dd89d54c547e9a2eee1-6720x4480.jpg&amp;w=3840&amp;q=75"
"education_the-impact-of-telehealth-on-medicare-advantages-and-coverage-considerations","4","image","Aetna Medicare Plans and Benefits","/_next/image?url=https%3A%2F%2Fcdn.sanity.io%2Fimages%2F41pq407l%2Fproduction%2F1c7ff99109dffebf638fcb4821b252ec90692c48-4800x3200.jpg&amp;w=3840&amp;q=75"
"education_the-impact-of-telehealth-on-medicare-advantages-and-coverage-considerations","5","image"," Eligibility Criteria for Medicare Savings Programs","/_next/image?url=https%3A%2F%2Fcdn.sanity.io%2Fimages%2F41pq407l%2Fproduction%2Fa93de6b90953ff332b50a85f8120805a61dfbff5-6720x4480.jpg&amp;w=3840&amp;q=75"
"education_the-importance-of-family-communication-in-long-term-care-planning","1","image","The Importance of Family Communication in Long-Term Care Planning","/_next/image?url=https%3A%2F%2Fcdn.sanity.io%2Fimages%2F41pq407l%2Fproduction%2Ffd0e285d0ca1d05ef2733ea1239eac3ca67dfd0f-8192x5464.jpg&amp;w=3840&amp;q=75"
"education_the-importance-of-family-communication-in-long-term-care-planning","2","image","iHealth Plans","/_next/image?url=https%3A%2F%2Fcdn.sanity.io%2Fimages%2F41pq407l%2Fproduction%2F933440a30a9dfefb51a402c290db1c864229d0b4-263x265.png&amp;w=3840&amp;q=75"
"education_the-importance-of-family-communication-in-long-term-care-planning","3","image","Medicare and Vision Coverage","/_next/image?url=https%3A%2F%2Fcdn.sanity.io%2Fimages%2F41pq407l%2Fproduction%2Fdc0462cb0254f05d336c9dd89d54c547e9a2eee1-6720x4480.jpg&amp;w=3840&amp;q=75"
"education_the-importance-of-family-communication-in-long-term-care-planning","4","image","Aetna Medicare Plans and Benefits","/_next/image?url=https%3A%2F%2Fcdn.sanity.io%2Fimages%2F41pq407l%2Fproduction%2F1c7ff99109dffebf638fcb4821b252ec90692c48-4800x3200.jpg&amp;w=3840&amp;q=75"
"education_the-importance-of-family-communication-in-long-term-care-planning","5","image"," Eligibility Criteria for Medicare Savings Programs","/_next/image?url=https%3A%2F%2Fcdn.sanity.io%2Fimages%2F41pq407l%2Fproduction%2Fa93de6b90953ff332b50a85f8120805a61dfbff5-6720x4480.jpg&amp;w=3840&amp;q=75"
"education_the-importance-of-medicare-advantage-networks","1","image","The Importance of Medicare Advantage Networks","/_next/image?url=https%3A%2F%2Fcdn.sanity.io%2Fimages%2F41pq407l%2Fproduction%2F46e913e910bb3c35a5e40c71d13b49d99218fc27-5600x3733.jpg&amp;w=3840&amp;q=75"
"education_the-importance-of-medicare-advantage-networks","2","image","iHealth Plans","/_next/image?url=https%3A%2F%2Fcdn.sanity.io%2Fimages%2F41pq407l%2Fproduction%2F933440a30a9dfefb51a402c290db1c864229d0b4-263x265.png&amp;w=3840&amp;q=75"
"education_the-importance-of-medicare-advantage-networks","3","image","Medicare and Vision Coverage","/_next/image?url=https%3A%2F%2Fcdn.sanity.io%2Fimages%2F41pq407l%2Fproduction%2Fdc0462cb0254f05d336c9dd89d54c547e9a2eee1-6720x4480.jpg&amp;w=3840&amp;q=75"
"education_the-importance-of-medicare-advantage-networks","4","image","Aetna Medicare Plans and Benefits","/_next/image?url=https%3A%2F%2Fcdn.sanity.io%2Fimages%2F41pq407l%2Fproduction%2F1c7ff99109dffebf638fcb4821b252ec90692c48-4800x3200.jpg&amp;w=3840&amp;q=75"
"education_the-importance-of-medicare-advantage-networks","5","image"," Eligibility Criteria for Medicare Savings Programs","/_next/image?url=https%3A%2F%2Fcdn.sanity.io%2Fimages%2F41pq407l%2Fproduction%2Fa93de6b90953ff332b50a85f8120805a61dfbff5-6720x4480.jpg&amp;w=3840&amp;q=75"
"education_the-role-of-insurance-in-long-term-care-planning","1","image"," The Role of Insurance in Long-Term Care Planning","/_next/image?url=https%3A%2F%2Fcdn.sanity.io%2Fimages%2F41pq407l%2Fproduction%2F7094bda5977acb896e5a692641b0a605ab74675b-8660x5774.jpg&amp;w=3840&amp;q=75"
"education_the-role-of-insurance-in-long-term-care-planning","2","image","iHealth Plans","/_next/image?url=https%3A%2F%2Fcdn.sanity.io%2Fimages%2F41pq407l%2Fproduction%2F933440a30a9dfefb51a402c290db1c864229d0b4-263x265.png&amp;w=3840&amp;q=75"
"education_the-role-of-insurance-in-long-term-care-planning","3","image","Medicare and Vision Coverage","/_next/image?url=https%3A%2F%2Fcdn.sanity.io%2Fimages%2F41pq407l%2Fproduction%2Fdc0462cb0254f05d336c9dd89d54c547e9a2eee1-6720x4480.jpg&amp;w=3840&amp;q=75"
"education_the-role-of-insurance-in-long-term-care-planning","4","image","Aetna Medicare Plans and Benefits","/_next/image?url=https%3A%2F%2Fcdn.sanity.io%2Fimages%2F41pq407l%2Fproduction%2F1c7ff99109dffebf638fcb4821b252ec90692c48-4800x3200.jpg&amp;w=3840&amp;q=75"
"education_the-role-of-insurance-in-long-term-care-planning","5","image"," Eligibility Criteria for Medicare Savings Programs","/_next/image?url=https%3A%2F%2Fcdn.sanity.io%2Fimages%2F41pq407l%2Fproduction%2Fa93de6b90953ff332b50a85f8120805a61dfbff5-6720x4480.jpg&amp;w=3840&amp;q=75"
"education_the-role-of-medicare-in-end-of-life-care","1","image","The Role of Medicare in End-of-Life Care","/_next/image?url=https%3A%2F%2Fcdn.sanity.io%2Fimages%2F41pq407l%2Fproduction%2Fce75aad1ac11160174c3ac56001caaec146c3e12-8660x5774.jpg&amp;w=3840&amp;q=75"
"education_the-role-of-medicare-in-end-of-life-care","2","image","iHealth Plans","/_next/image?url=https%3A%2F%2Fcdn.sanity.io%2Fimages%2F41pq407l%2Fproduction%2F933440a30a9dfefb51a402c290db1c864229d0b4-263x265.png&amp;w=3840&amp;q=75"
"education_the-role-of-medicare-in-end-of-life-care","3","image","Medicare and Vision Coverage","/_next/image?url=https%3A%2F%2Fcdn.sanity.io%2Fimages%2F41pq407l%2Fproduction%2Fdc0462cb0254f05d336c9dd89d54c547e9a2eee1-6720x4480.jpg&amp;w=3840&amp;q=75"
"education_the-role-of-medicare-in-end-of-life-care","4","image","Aetna Medicare Plans and Benefits","/_next/image?url=https%3A%2F%2Fcdn.sanity.io%2Fimages%2F41pq407l%2Fproduction%2F1c7ff99109dffebf638fcb4821b252ec90692c48-4800x3200.jpg&amp;w=3840&amp;q=75"
"education_the-role-of-medicare-in-end-of-life-care","5","image"," Eligibility Criteria for Medicare Savings Programs","/_next/image?url=https%3A%2F%2Fcdn.sanity.io%2Fimages%2F41pq407l%2Fproduction%2Fa93de6b90953ff332b50a85f8120805a61dfbff5-6720x4480.jpg&amp;w=3840&amp;q=75"
"education_the-role-of-medicare-in-managing-chronic-conditions","1","image","The Role of Medicare in Managing Chronic Conditions","/_next/image?url=https%3A%2F%2Fcdn.sanity.io%2Fimages%2F41pq407l%2Fproduction%2Fd8831e86752148e35c16ebe07db524565e86a66f-6000x3375.jpg&amp;w=3840&amp;q=75"
"education_the-role-of-medicare-in-managing-chronic-conditions","2","image","iHealth Plans","/_next/image?url=https%3A%2F%2Fcdn.sanity.io%2Fimages%2F41pq407l%2Fproduction%2F933440a30a9dfefb51a402c290db1c864229d0b4-263x265.png&amp;w=3840&amp;q=75"
"education_the-role-of-medicare-in-managing-chronic-conditions","3","image","Medicare and Vision Coverage","/_next/image?url=https%3A%2F%2Fcdn.sanity.io%2Fimages%2F41pq407l%2Fproduction%2Fdc0462cb0254f05d336c9dd89d54c547e9a2eee1-6720x4480.jpg&amp;w=3840&amp;q=75"
"education_the-role-of-medicare-in-managing-chronic-conditions","4","image","Aetna Medicare Plans and Benefits","/_next/image?url=https%3A%2F%2Fcdn.sanity.io%2Fimages%2F41pq407l%2Fproduction%2F1c7ff99109dffebf638fcb4821b252ec90692c48-4800x3200.jpg&amp;w=3840&amp;q=75"
"education_the-role-of-medicare-in-managing-chronic-conditions","5","image"," Eligibility Criteria for Medicare Savings Programs","/_next/image?url=https%3A%2F%2Fcdn.sanity.io%2Fimages%2F41pq407l%2Fproduction%2Fa93de6b90953ff332b50a85f8120805a61dfbff5-6720x4480.jpg&amp;w=3840&amp;q=75"
"education_the-role-of-telehealth-in-improving-healthcare-access","1","image","The Role of Telehealth in Improving Healthcare Access","/_next/image?url=https%3A%2F%2Fcdn.sanity.io%2Fimages%2F41pq407l%2Fproduction%2F13a5203272a0e976ce49c582a6f4207a5363d75e-6720x4480.jpg&amp;w=3840&amp;q=75"
"education_the-role-of-telehealth-in-improving-healthcare-access","2","image","iHealth Plans","/_next/image?url=https%3A%2F%2Fcdn.sanity.io%2Fimages%2F41pq407l%2Fproduction%2F933440a30a9dfefb51a402c290db1c864229d0b4-263x265.png&amp;w=3840&amp;q=75"
"education_the-role-of-telehealth-in-improving-healthcare-access","3","image","Medicare and Vision Coverage","/_next/image?url=https%3A%2F%2Fcdn.sanity.io%2Fimages%2F41pq407l%2Fproduction%2Fdc0462cb0254f05d336c9dd89d54c547e9a2eee1-6720x4480.jpg&amp;w=3840&amp;q=75"
"education_the-role-of-telehealth-in-improving-healthcare-access","4","image","Aetna Medicare Plans and Benefits","/_next/image?url=https%3A%2F%2Fcdn.sanity.io%2Fimages%2F41pq407l%2Fproduction%2F1c7ff99109dffebf638fcb4821b252ec90692c48-4800x3200.jpg&amp;w=3840&amp;q=75"
"education_the-role-of-telehealth-in-improving-healthcare-access","5","image"," Eligibility Criteria for Medicare Savings Programs","/_next/image?url=https%3A%2F%2Fcdn.sanity.io%2Fimages%2F41pq407l%2Fproduction%2Fa93de6b90953ff332b50a85f8120805a61dfbff5-6720x4480.jpg&amp;w=3840&amp;q=75"
"education_top-quality-medicare-advantage-plans","1","image","Top-Quality Medicare Advantage Plans","/_next/image?url=https%3A%2F%2Fcdn.sanity.io%2Fimages%2F41pq407l%2Fproduction%2F1dc58375d4bb401c2a8106805a82a16e974fd389-5358x3572.jpg&amp;w=3840&amp;q=75"
"education_top-quality-medicare-advantage-plans","2","image","iHealth Plans","/_next/image?url=https%3A%2F%2Fcdn.sanity.io%2Fimages%2F41pq407l%2Fproduction%2F933440a30a9dfefb51a402c290db1c864229d0b4-263x265.png&amp;w=3840&amp;q=75"
"education_top-quality-medicare-advantage-plans","3","image","Medicare and Vision Coverage","/_next/image?url=https%3A%2F%2Fcdn.sanity.io%2Fimages%2F41pq407l%2Fproduction%2Fdc0462cb0254f05d336c9dd89d54c547e9a2eee1-6720x4480.jpg&amp;w=3840&amp;q=75"
"education_top-quality-medicare-advantage-plans","4","image","Aetna Medicare Plans and Benefits","/_next/image?url=https%3A%2F%2Fcdn.sanity.io%2Fimages%2F41pq407l%2Fproduction%2F1c7ff99109dffebf638fcb4821b252ec90692c48-4800x3200.jpg&amp;w=3840&amp;q=75"
"education_top-quality-medicare-advantage-plans","5","image"," Eligibility Criteria for Medicare Savings Programs","/_next/image?url=https%3A%2F%2Fcdn.sanity.io%2Fimages%2F41pq407l%2Fproduction%2Fa93de6b90953ff332b50a85f8120805a61dfbff5-6720x4480.jpg&amp;w=3840&amp;q=75"
"education_top-rated-medicare-advantage-plans","1","image","Top Rated Medicare Advantage Plans","/_next/image?url=https%3A%2F%2Fcdn.sanity.io%2Fimages%2F41pq407l%2Fproduction%2F0791d986a85e9e5a9dadd52ced37fa61447ba26e-8192x5464.jpg&amp;w=3840&amp;q=75"
"education_top-rated-medicare-advantage-plans","2","image","iHealth Plans","/_next/image?url=https%3A%2F%2Fcdn.sanity.io%2Fimages%2F41pq407l%2Fproduction%2F933440a30a9dfefb51a402c290db1c864229d0b4-263x265.png&amp;w=3840&amp;q=75"
"education_top-rated-medicare-advantage-plans","3","image","Medicare and Vision Coverage","/_next/image?url=https%3A%2F%2Fcdn.sanity.io%2Fimages%2F41pq407l%2Fproduction%2Fdc0462cb0254f05d336c9dd89d54c547e9a2eee1-6720x4480.jpg&amp;w=3840&amp;q=75"
"education_top-rated-medicare-advantage-plans","4","image","Aetna Medicare Plans and Benefits","/_next/image?url=https%3A%2F%2Fcdn.sanity.io%2Fimages%2F41pq407l%2Fproduction%2F1c7ff99109dffebf638fcb4821b252ec90692c48-4800x3200.jpg&amp;w=3840&amp;q=75"
"education_top-rated-medicare-advantage-plans","5","image"," Eligibility Criteria for Medicare Savings Programs","/_next/image?url=https%3A%2F%2Fcdn.sanity.io%2Fimages%2F41pq407l%2Fproduction%2Fa93de6b90953ff332b50a85f8120805a61dfbff5-6720x4480.jpg&amp;w=3840&amp;q=75"
"education_types-of-medicare-savings-programs-and-their-benefits","1","image","Types of Medicare Savings Programs and Their Benefits","/_next/image?url=https%3A%2F%2Fcdn.sanity.io%2Fimages%2F41pq407l%2Fproduction%2F3e605b8d000427ce158ecd4b7f88912b87dd81ba-5641x3753.jpg&amp;w=3840&amp;q=75"
"education_types-of-medicare-savings-programs-and-their-benefits","2","image","iHealth Plans","/_next/image?url=https%3A%2F%2Fcdn.sanity.io%2Fimages%2F41pq407l%2Fproduction%2F933440a30a9dfefb51a402c290db1c864229d0b4-263x265.png&amp;w=3840&amp;q=75"
"education_types-of-medicare-savings-programs-and-their-benefits","3","image","Medicare and Vision Coverage","/_next/image?url=https%3A%2F%2Fcdn.sanity.io%2Fimages%2F41pq407l%2Fproduction%2Fdc0462cb0254f05d336c9dd89d54c547e9a2eee1-6720x4480.jpg&amp;w=3840&amp;q=75"
"education_types-of-medicare-savings-programs-and-their-benefits","4","image","Aetna Medicare Plans and Benefits","/_next/image?url=https%3A%2F%2Fcdn.sanity.io%2Fimages%2F41pq407l%2Fproduction%2F1c7ff99109dffebf638fcb4821b252ec90692c48-4800x3200.jpg&amp;w=3840&amp;q=75"
"education_types-of-medicare-savings-programs-and-their-benefits","5","image"," Eligibility Criteria for Medicare Savings Programs","/_next/image?url=https%3A%2F%2Fcdn.sanity.io%2Fimages%2F41pq407l%2Fproduction%2Fa93de6b90953ff332b50a85f8120805a61dfbff5-6720x4480.jpg&amp;w=3840&amp;q=75"
"education_uhc-medicare-advantage-plans","1","image","UHC Medicare Advantage Plans","/_next/image?url=https%3A%2F%2Fcdn.sanity.io%2Fimages%2F41pq407l%2Fproduction%2F1c7ff99109dffebf638fcb4821b252ec90692c48-4800x3200.jpg&amp;w=3840&amp;q=75"
"education_uhc-medicare-advantage-plans","2","image","iHealth Plans","/_next/image?url=https%3A%2F%2Fcdn.sanity.io%2Fimages%2F41pq407l%2Fproduction%2F933440a30a9dfefb51a402c290db1c864229d0b4-263x265.png&amp;w=3840&amp;q=75"
"education_uhc-medicare-advantage-plans","3","image","Medicare and Vision Coverage","/_next/image?url=https%3A%2F%2Fcdn.sanity.io%2Fimages%2F41pq407l%2Fproduction%2Fdc0462cb0254f05d336c9dd89d54c547e9a2eee1-6720x4480.jpg&amp;w=3840&amp;q=75"
"education_uhc-medicare-advantage-plans","4","image","Aetna Medicare Plans and Benefits","/_next/image?url=https%3A%2F%2Fcdn.sanity.io%2Fimages%2F41pq407l%2Fproduction%2F1c7ff99109dffebf638fcb4821b252ec90692c48-4800x3200.jpg&amp;w=3840&amp;q=75"
"education_uhc-medicare-advantage-plans","5","image"," Eligibility Criteria for Medicare Savings Programs","/_next/image?url=https%3A%2F%2Fcdn.sanity.io%2Fimages%2F41pq407l%2Fproduction%2Fa93de6b90953ff332b50a85f8120805a61dfbff5-6720x4480.jpg&amp;w=3840&amp;q=75"
"education_understanding-dental-insurance-medicare","1","image","Understanding Dental Insurance Medicare","/_next/image?url=https%3A%2F%2Fcdn.sanity.io%2Fimages%2F41pq407l%2Fproduction%2F1dc58375d4bb401c2a8106805a82a16e974fd389-5358x3572.jpg&amp;w=3840&amp;q=75"
"education_understanding-dental-insurance-medicare","2","image","iHealth Plans","/_next/image?url=https%3A%2F%2Fcdn.sanity.io%2Fimages%2F41pq407l%2Fproduction%2F933440a30a9dfefb51a402c290db1c864229d0b4-263x265.png&amp;w=3840&amp;q=75"
"education_understanding-dental-insurance-medicare","3","image","Medicare and Vision Coverage","/_next/image?url=https%3A%2F%2Fcdn.sanity.io%2Fimages%2F41pq407l%2Fproduction%2Fdc0462cb0254f05d336c9dd89d54c547e9a2eee1-6720x4480.jpg&amp;w=3840&amp;q=75"
"education_understanding-dental-insurance-medicare","4","image","Aetna Medicare Plans and Benefits","/_next/image?url=https%3A%2F%2Fcdn.sanity.io%2Fimages%2F41pq407l%2Fproduction%2F1c7ff99109dffebf638fcb4821b252ec90692c48-4800x3200.jpg&amp;w=3840&amp;q=75"
"education_understanding-dental-insurance-medicare","5","image"," Eligibility Criteria for Medicare Savings Programs","/_next/image?url=https%3A%2F%2Fcdn.sanity.io%2Fimages%2F41pq407l%2Fproduction%2Fa93de6b90953ff332b50a85f8120805a61dfbff5-6720x4480.jpg&amp;w=3840&amp;q=75"
"education_understanding-humana-medicare-plans","1","image","Understanding Humana Medicare Plans","/_next/image?url=https%3A%2F%2Fcdn.sanity.io%2Fimages%2F41pq407l%2Fproduction%2F26083d0eda1ed3e4da620c748e74b36cf1a2e314-4936x3296.jpg&amp;w=3840&amp;q=75"
"education_understanding-humana-medicare-plans","2","image","iHealth Plans","/_next/image?url=https%3A%2F%2Fcdn.sanity.io%2Fimages%2F41pq407l%2Fproduction%2F933440a30a9dfefb51a402c290db1c864229d0b4-263x265.png&amp;w=3840&amp;q=75"
"education_understanding-humana-medicare-plans","3","image","Medicare and Vision Coverage","/_next/image?url=https%3A%2F%2Fcdn.sanity.io%2Fimages%2F41pq407l%2Fproduction%2Fdc0462cb0254f05d336c9dd89d54c547e9a2eee1-6720x4480.jpg&amp;w=3840&amp;q=75"
"education_understanding-humana-medicare-plans","4","image","Aetna Medicare Plans and Benefits","/_next/image?url=https%3A%2F%2Fcdn.sanity.io%2Fimages%2F41pq407l%2Fproduction%2F1c7ff99109dffebf638fcb4821b252ec90692c48-4800x3200.jpg&amp;w=3840&amp;q=75"
"education_understanding-humana-medicare-plans","5","image"," Eligibility Criteria for Medicare Savings Programs","/_next/image?url=https%3A%2F%2Fcdn.sanity.io%2Fimages%2F41pq407l%2Fproduction%2Fa93de6b90953ff332b50a85f8120805a61dfbff5-6720x4480.jpg&amp;w=3840&amp;q=75"
"education_understanding-medicare-advantage-plans","1","image","Understanding Medicare Advantage Plans","/_next/image?url=https%3A%2F%2Fcdn.sanity.io%2Fimages%2F41pq407l%2Fproduction%2F1dc58375d4bb401c2a8106805a82a16e974fd389-5358x3572.jpg&amp;w=3840&amp;q=75"
"education_understanding-medicare-advantage-plans","2","image","iHealth Plans","/_next/image?url=https%3A%2F%2Fcdn.sanity.io%2Fimages%2F41pq407l%2Fproduction%2F933440a30a9dfefb51a402c290db1c864229d0b4-263x265.png&amp;w=3840&amp;q=75"
"education_understanding-medicare-advantage-plans","3","image","Medicare and Vision Coverage","/_next/image?url=https%3A%2F%2Fcdn.sanity.io%2Fimages%2F41pq407l%2Fproduction%2Fdc0462cb0254f05d336c9dd89d54c547e9a2eee1-6720x4480.jpg&amp;w=3840&amp;q=75"
"education_understanding-medicare-advantage-plans","4","image","Aetna Medicare Plans and Benefits","/_next/image?url=https%3A%2F%2Fcdn.sanity.io%2Fimages%2F41pq407l%2Fproduction%2F1c7ff99109dffebf638fcb4821b252ec90692c48-4800x3200.jpg&amp;w=3840&amp;q=75"
"education_understanding-medicare-advantage-plans","5","image"," Eligibility Criteria for Medicare Savings Programs","/_next/image?url=https%3A%2F%2Fcdn.sanity.io%2Fimages%2F41pq407l%2Fproduction%2Fa93de6b90953ff332b50a85f8120805a61dfbff5-6720x4480.jpg&amp;w=3840&amp;q=75"
"education_understanding-medicare-advantage-ppo-plans","1","image","Understanding Medicare Advantage PPO Plans","/_next/image?url=https%3A%2F%2Fcdn.sanity.io%2Fimages%2F41pq407l%2Fproduction%2F12c5977a3ae73717922131a47c715d579be9a15a-7422x5283.jpg&amp;w=3840&amp;q=75"
"education_understanding-medicare-advantage-ppo-plans","2","image","iHealth Plans","/_next/image?url=https%3A%2F%2Fcdn.sanity.io%2Fimages%2F41pq407l%2Fproduction%2F933440a30a9dfefb51a402c290db1c864229d0b4-263x265.png&amp;w=3840&amp;q=75"
"education_understanding-medicare-advantage-ppo-plans","3","image","Medicare and Vision Coverage","/_next/image?url=https%3A%2F%2Fcdn.sanity.io%2Fimages%2F41pq407l%2Fproduction%2Fdc0462cb0254f05d336c9dd89d54c547e9a2eee1-6720x4480.jpg&amp;w=3840&amp;q=75"
"education_understanding-medicare-advantage-ppo-plans","4","image","Aetna Medicare Plans and Benefits","/_next/image?url=https%3A%2F%2Fcdn.sanity.io%2Fimages%2F41pq407l%2Fproduction%2F1c7ff99109dffebf638fcb4821b252ec90692c48-4800x3200.jpg&amp;w=3840&amp;q=75"
"education_understanding-medicare-advantage-ppo-plans","5","image"," Eligibility Criteria for Medicare Savings Programs","/_next/image?url=https%3A%2F%2Fcdn.sanity.io%2Fimages%2F41pq407l%2Fproduction%2Fa93de6b90953ff332b50a85f8120805a61dfbff5-6720x4480.jpg&amp;w=3840&amp;q=75"
"education_understanding-medicare-c-coverage","1","image","Understanding Medicare C Coverage","/_next/image?url=https%3A%2F%2Fcdn.sanity.io%2Fimages%2F41pq407l%2Fproduction%2F0791d986a85e9e5a9dadd52ced37fa61447ba26e-8192x5464.jpg&amp;w=3840&amp;q=75"
"education_understanding-medicare-c-coverage","2","image","iHealth Plans","/_next/image?url=https%3A%2F%2Fcdn.sanity.io%2Fimages%2F41pq407l%2Fproduction%2F933440a30a9dfefb51a402c290db1c864229d0b4-263x265.png&amp;w=3840&amp;q=75"
"education_understanding-medicare-c-coverage","3","image","Medicare and Vision Coverage","/_next/image?url=https%3A%2F%2Fcdn.sanity.io%2Fimages%2F41pq407l%2Fproduction%2Fdc0462cb0254f05d336c9dd89d54c547e9a2eee1-6720x4480.jpg&amp;w=3840&amp;q=75"
"education_understanding-medicare-c-coverage","4","image","Aetna Medicare Plans and Benefits","/_next/image?url=https%3A%2F%2Fcdn.sanity.io%2Fimages%2F41pq407l%2Fproduction%2F1c7ff99109dffebf638fcb4821b252ec90692c48-4800x3200.jpg&amp;w=3840&amp;q=75"
"education_understanding-medicare-c-coverage","5","image"," Eligibility Criteria for Medicare Savings Programs","/_next/image?url=https%3A%2F%2Fcdn.sanity.io%2Fimages%2F41pq407l%2Fproduction%2Fa93de6b90953ff332b50a85f8120805a61dfbff5-6720x4480.jpg&amp;w=3840&amp;q=75"
"education_understanding-medicare-insurance-options","1","image","Understanding Medicare Insurance Options","/_next/image?url=https%3A%2F%2Fcdn.sanity.io%2Fimages%2F41pq407l%2Fproduction%2Fce75aad1ac11160174c3ac56001caaec146c3e12-8660x5774.jpg&amp;w=3840&amp;q=75"
"education_understanding-medicare-insurance-options","2","image","iHealth Plans","/_next/image?url=https%3A%2F%2Fcdn.sanity.io%2Fimages%2F41pq407l%2Fproduction%2F933440a30a9dfefb51a402c290db1c864229d0b4-263x265.png&amp;w=3840&amp;q=75"
"education_understanding-medicare-insurance-options","3","image","Medicare and Vision Coverage","/_next/image?url=https%3A%2F%2Fcdn.sanity.io%2Fimages%2F41pq407l%2Fproduction%2Fdc0462cb0254f05d336c9dd89d54c547e9a2eee1-6720x4480.jpg&amp;w=3840&amp;q=75"
"education_understanding-medicare-insurance-options","4","image","Aetna Medicare Plans and Benefits","/_next/image?url=https%3A%2F%2Fcdn.sanity.io%2Fimages%2F41pq407l%2Fproduction%2F1c7ff99109dffebf638fcb4821b252ec90692c48-4800x3200.jpg&amp;w=3840&amp;q=75"
"education_understanding-medicare-insurance-options","5","image"," Eligibility Criteria for Medicare Savings Programs","/_next/image?url=https%3A%2F%2Fcdn.sanity.io%2Fimages%2F41pq407l%2Fproduction%2Fa93de6b90953ff332b50a85f8120805a61dfbff5-6720x4480.jpg&amp;w=3840&amp;q=75"
"education_understanding-medicare-insurance","1","image","Understanding Medicare Insurance","/_next/image?url=https%3A%2F%2Fcdn.sanity.io%2Fimages%2F41pq407l%2Fproduction%2Fdc0462cb0254f05d336c9dd89d54c547e9a2eee1-6720x4480.jpg&amp;w=3840&amp;q=75"
"education_understanding-medicare-insurance","2","image","iHealth Plans","/_next/image?url=https%3A%2F%2Fcdn.sanity.io%2Fimages%2F41pq407l%2Fproduction%2F933440a30a9dfefb51a402c290db1c864229d0b4-263x265.png&amp;w=3840&amp;q=75"
"education_understanding-medicare-insurance","3","image","Medicare and Vision Coverage","/_next/image?url=https%3A%2F%2Fcdn.sanity.io%2Fimages%2F41pq407l%2Fproduction%2Fdc0462cb0254f05d336c9dd89d54c547e9a2eee1-6720x4480.jpg&amp;w=3840&amp;q=75"
"education_understanding-medicare-insurance","4","image","Aetna Medicare Plans and Benefits","/_next/image?url=https%3A%2F%2Fcdn.sanity.io%2Fimages%2F41pq407l%2Fproduction%2F1c7ff99109dffebf638fcb4821b252ec90692c48-4800x3200.jpg&amp;w=3840&amp;q=75"
"education_understanding-medicare-insurance","5","image"," Eligibility Criteria for Medicare Savings Programs","/_next/image?url=https%3A%2F%2Fcdn.sanity.io%2Fimages%2F41pq407l%2Fproduction%2Fa93de6b90953ff332b50a85f8120805a61dfbff5-6720x4480.jpg&amp;w=3840&amp;q=75"
"education_understanding-medicare-part-d-plans","1","image","Understanding Medicare Part D Plans","/_next/image?url=https%3A%2F%2Fcdn.sanity.io%2Fimages%2F41pq407l%2Fproduction%2F26083d0eda1ed3e4da620c748e74b36cf1a2e314-4936x3296.jpg&amp;w=3840&amp;q=75"
"education_understanding-medicare-part-d-plans","2","image","iHealth Plans","/_next/image?url=https%3A%2F%2Fcdn.sanity.io%2Fimages%2F41pq407l%2Fproduction%2F933440a30a9dfefb51a402c290db1c864229d0b4-263x265.png&amp;w=3840&amp;q=75"
"education_understanding-medicare-part-d-plans","3","image","Medicare and Vision Coverage","/_next/image?url=https%3A%2F%2Fcdn.sanity.io%2Fimages%2F41pq407l%2Fproduction%2Fdc0462cb0254f05d336c9dd89d54c547e9a2eee1-6720x4480.jpg&amp;w=3840&amp;q=75"
"education_understanding-medicare-part-d-plans","4","image","Aetna Medicare Plans and Benefits","/_next/image?url=https%3A%2F%2Fcdn.sanity.io%2Fimages%2F41pq407l%2Fproduction%2F1c7ff99109dffebf638fcb4821b252ec90692c48-4800x3200.jpg&amp;w=3840&amp;q=75"
"education_understanding-medicare-part-d-plans","5","image"," Eligibility Criteria for Medicare Savings Programs","/_next/image?url=https%3A%2F%2Fcdn.sanity.io%2Fimages%2F41pq407l%2Fproduction%2Fa93de6b90953ff332b50a85f8120805a61dfbff5-6720x4480.jpg&amp;w=3840&amp;q=75"
"education_understanding-medicare-savings-programs","1","image","Understanding Medicare Savings Programs","/_next/image?url=https%3A%2F%2Fcdn.sanity.io%2Fimages%2F41pq407l%2Fproduction%2Fcd406124e0cb170c23acb1b60b9576871472f236-5641x3753.jpg&amp;w=3840&amp;q=75"
"education_understanding-medicare-savings-programs","2","image","iHealth Plans","/_next/image?url=https%3A%2F%2Fcdn.sanity.io%2Fimages%2F41pq407l%2Fproduction%2F933440a30a9dfefb51a402c290db1c864229d0b4-263x265.png&amp;w=3840&amp;q=75"
"education_understanding-medicare-savings-programs","3","image","Medicare and Vision Coverage","/_next/image?url=https%3A%2F%2Fcdn.sanity.io%2Fimages%2F41pq407l%2Fproduction%2Fdc0462cb0254f05d336c9dd89d54c547e9a2eee1-6720x4480.jpg&amp;w=3840&amp;q=75"
"education_understanding-medicare-savings-programs","4","image","Aetna Medicare Plans and Benefits","/_next/image?url=https%3A%2F%2Fcdn.sanity.io%2Fimages%2F41pq407l%2Fproduction%2F1c7ff99109dffebf638fcb4821b252ec90692c48-4800x3200.jpg&amp;w=3840&amp;q=75"
"education_understanding-medicare-savings-programs","5","image"," Eligibility Criteria for Medicare Savings Programs","/_next/image?url=https%3A%2F%2Fcdn.sanity.io%2Fimages%2F41pq407l%2Fproduction%2Fa93de6b90953ff332b50a85f8120805a61dfbff5-6720x4480.jpg&amp;w=3840&amp;q=75"
"education_understanding-medicare-special-enrollment-periods","1","image","Understanding Medicare Special Enrollment Periods","/_next/image?url=https%3A%2F%2Fcdn.sanity.io%2Fimages%2F41pq407l%2Fproduction%2Ff89ce3586a600d9d7a305d60346caea34c01f528-5552x2928.jpg&amp;w=3840&amp;q=75"
"education_understanding-medicare-special-enrollment-periods","2","image","iHealth Plans","/_next/image?url=https%3A%2F%2Fcdn.sanity.io%2Fimages%2F41pq407l%2Fproduction%2F933440a30a9dfefb51a402c290db1c864229d0b4-263x265.png&amp;w=3840&amp;q=75"
"education_understanding-medicare-special-enrollment-periods","3","image","Medicare and Vision Coverage","/_next/image?url=https%3A%2F%2Fcdn.sanity.io%2Fimages%2F41pq407l%2Fproduction%2Fdc0462cb0254f05d336c9dd89d54c547e9a2eee1-6720x4480.jpg&amp;w=3840&amp;q=75"
"education_understanding-medicare-special-enrollment-periods","4","image","Aetna Medicare Plans and Benefits","/_next/image?url=https%3A%2F%2Fcdn.sanity.io%2Fimages%2F41pq407l%2Fproduction%2F1c7ff99109dffebf638fcb4821b252ec90692c48-4800x3200.jpg&amp;w=3840&amp;q=75"
"education_understanding-medicare-special-enrollment-periods","5","image"," Eligibility Criteria for Medicare Savings Programs","/_next/image?url=https%3A%2F%2Fcdn.sanity.io%2Fimages%2F41pq407l%2Fproduction%2Fa93de6b90953ff332b50a85f8120805a61dfbff5-6720x4480.jpg&amp;w=3840&amp;q=75"
"education_understanding-medigap-a-comprehensive-guide-to-supplemental-insurance","1","image","Understanding Medigap: A Comprehensive Guide to Supplemental Insurance","/_next/image?url=https%3A%2F%2Fcdn.sanity.io%2Fimages%2F41pq407l%2Fproduction%2F218feb89f63876eda18d5a5ac0d25faf0747fae6-5660x3763.jpg&amp;w=3840&amp;q=75"
"education_understanding-medigap-a-comprehensive-guide-to-supplemental-insurance","2","image","iHealth Plans","/_next/image?url=https%3A%2F%2Fcdn.sanity.io%2Fimages%2F41pq407l%2Fproduction%2F933440a30a9dfefb51a402c290db1c864229d0b4-263x265.png&amp;w=3840&amp;q=75"
"education_understanding-medigap-a-comprehensive-guide-to-supplemental-insurance","3","image","Medicare and Vision Coverage","/_next/image?url=https%3A%2F%2Fcdn.sanity.io%2Fimages%2F41pq407l%2Fproduction%2Fdc0462cb0254f05d336c9dd89d54c547e9a2eee1-6720x4480.jpg&amp;w=3840&amp;q=75"
"education_understanding-medigap-a-comprehensive-guide-to-supplemental-insurance","4","image","Aetna Medicare Plans and Benefits","/_next/image?url=https%3A%2F%2Fcdn.sanity.io%2Fimages%2F41pq407l%2Fproduction%2F1c7ff99109dffebf638fcb4821b252ec90692c48-4800x3200.jpg&amp;w=3840&amp;q=75"
"education_understanding-medigap-a-comprehensive-guide-to-supplemental-insurance","5","image"," Eligibility Criteria for Medicare Savings Programs","/_next/image?url=https%3A%2F%2Fcdn.sanity.io%2Fimages%2F41pq407l%2Fproduction%2Fa93de6b90953ff332b50a85f8120805a61dfbff5-6720x4480.jpg&amp;w=3840&amp;q=75"
"education_understanding-the-benefits-of-medicare-advantage-plans","1","image","Understanding the Benefits of Medicare Advantage Plans","/_next/image?url=https%3A%2F%2Fcdn.sanity.io%2Fimages%2F41pq407l%2Fproduction%2Ff89ce3586a600d9d7a305d60346caea34c01f528-5552x2928.jpg&amp;w=3840&amp;q=75"
"education_understanding-the-benefits-of-medicare-advantage-plans","2","image","iHealth Plans","/_next/image?url=https%3A%2F%2Fcdn.sanity.io%2Fimages%2F41pq407l%2Fproduction%2F933440a30a9dfefb51a402c290db1c864229d0b4-263x265.png&amp;w=3840&amp;q=75"
"education_understanding-the-benefits-of-medicare-advantage-plans","3","image","Medicare and Vision Coverage","/_next/image?url=https%3A%2F%2Fcdn.sanity.io%2Fimages%2F41pq407l%2Fproduction%2Fdc0462cb0254f05d336c9dd89d54c547e9a2eee1-6720x4480.jpg&amp;w=3840&amp;q=75"
"education_understanding-the-benefits-of-medicare-advantage-plans","4","image","Aetna Medicare Plans and Benefits","/_next/image?url=https%3A%2F%2Fcdn.sanity.io%2Fimages%2F41pq407l%2Fproduction%2F1c7ff99109dffebf638fcb4821b252ec90692c48-4800x3200.jpg&amp;w=3840&amp;q=75"
"education_understanding-the-benefits-of-medicare-advantage-plans","5","image"," Eligibility Criteria for Medicare Savings Programs","/_next/image?url=https%3A%2F%2Fcdn.sanity.io%2Fimages%2F41pq407l%2Fproduction%2Fa93de6b90953ff332b50a85f8120805a61dfbff5-6720x4480.jpg&amp;w=3840&amp;q=75"
"education_understanding-the-importance-of-long-term-care-planning","1","image","Understanding the Importance of Long-Term Care Planning","/_next/image?url=https%3A%2F%2Fcdn.sanity.io%2Fimages%2F41pq407l%2Fproduction%2Fec3c2ff25785328a43de6b0bc44f87bcbeb3bbcd-3840x2160.jpg&amp;w=3840&amp;q=75"
"education_understanding-the-importance-of-long-term-care-planning","2","image","iHealth Plans","/_next/image?url=https%3A%2F%2Fcdn.sanity.io%2Fimages%2F41pq407l%2Fproduction%2F933440a30a9dfefb51a402c290db1c864229d0b4-263x265.png&amp;w=3840&amp;q=75"
"education_understanding-the-importance-of-long-term-care-planning","3","image","Medicare and Vision Coverage","/_next/image?url=https%3A%2F%2Fcdn.sanity.io%2Fimages%2F41pq407l%2Fproduction%2Fdc0462cb0254f05d336c9dd89d54c547e9a2eee1-6720x4480.jpg&amp;w=3840&amp;q=75"
"education_understanding-the-importance-of-long-term-care-planning","4","image","Aetna Medicare Plans and Benefits","/_next/image?url=https%3A%2F%2Fcdn.sanity.io%2Fimages%2F41pq407l%2Fproduction%2F1c7ff99109dffebf638fcb4821b252ec90692c48-4800x3200.jpg&amp;w=3840&amp;q=75"
"education_understanding-the-importance-of-long-term-care-planning","5","image"," Eligibility Criteria for Medicare Savings Programs","/_next/image?url=https%3A%2F%2Fcdn.sanity.io%2Fimages%2F41pq407l%2Fproduction%2Fa93de6b90953ff332b50a85f8120805a61dfbff5-6720x4480.jpg&amp;w=3840&amp;q=75"
"education_understanding-uhc-medicare-advantage-plans","1","image","Understanding UHC Medicare Advantage Plans","/_next/image?url=https%3A%2F%2Fcdn.sanity.io%2Fimages%2F41pq407l%2Fproduction%2Ffb0536750245a94e18ee71c8d10aa127fadc14b9-5611x3746.jpg&amp;w=3840&amp;q=75"
"education_understanding-uhc-medicare-advantage-plans","2","image","iHealth Plans","/_next/image?url=https%3A%2F%2Fcdn.sanity.io%2Fimages%2F41pq407l%2Fproduction%2F933440a30a9dfefb51a402c290db1c864229d0b4-263x265.png&amp;w=3840&amp;q=75"
"education_understanding-uhc-medicare-advantage-plans","3","image","Medicare and Vision Coverage","/_next/image?url=https%3A%2F%2Fcdn.sanity.io%2Fimages%2F41pq407l%2Fproduction%2Fdc0462cb0254f05d336c9dd89d54c547e9a2eee1-6720x4480.jpg&amp;w=3840&amp;q=75"
"education_understanding-uhc-medicare-advantage-plans","4","image","Aetna Medicare Plans and Benefits","/_next/image?url=https%3A%2F%2Fcdn.sanity.io%2Fimages%2F41pq407l%2Fproduction%2F1c7ff99109dffebf638fcb4821b252ec90692c48-4800x3200.jpg&amp;w=3840&amp;q=75"
"education_understanding-uhc-medicare-advantage-plans","5","image"," Eligibility Criteria for Medicare Savings Programs","/_next/image?url=https%3A%2F%2Fcdn.sanity.io%2Fimages%2F41pq407l%2Fproduction%2Fa93de6b90953ff332b50a85f8120805a61dfbff5-6720x4480.jpg&amp;w=3840&amp;q=75"
"education_united-healthcare-advantage-plans","1","image","United Healthcare Advantage Plans","/_next/image?url=https%3A%2F%2Fcdn.sanity.io%2Fimages%2F41pq407l%2Fproduction%2F54ad991604e6b788fdf37496208d64c49045da92-6720x4480.jpg&amp;w=3840&amp;q=75"
"education_united-healthcare-advantage-plans","2","image","iHealth Plans","/_next/image?url=https%3A%2F%2Fcdn.sanity.io%2Fimages%2F41pq407l%2Fproduction%2F933440a30a9dfefb51a402c290db1c864229d0b4-263x265.png&amp;w=3840&amp;q=75"
"education_united-healthcare-advantage-plans","3","image","Medicare and Vision Coverage","/_next/image?url=https%3A%2F%2Fcdn.sanity.io%2Fimages%2F41pq407l%2Fproduction%2Fdc0462cb0254f05d336c9dd89d54c547e9a2eee1-6720x4480.jpg&amp;w=3840&amp;q=75"
"education_united-healthcare-advantage-plans","4","image","Aetna Medicare Plans and Benefits","/_next/image?url=https%3A%2F%2Fcdn.sanity.io%2Fimages%2F41pq407l%2Fproduction%2F1c7ff99109dffebf638fcb4821b252ec90692c48-4800x3200.jpg&amp;w=3840&amp;q=75"
"education_united-healthcare-advantage-plans","5","image"," Eligibility Criteria for Medicare Savings Programs","/_next/image?url=https%3A%2F%2Fcdn.sanity.io%2Fimages%2F41pq407l%2Fproduction%2Fa93de6b90953ff332b50a85f8120805a61dfbff5-6720x4480.jpg&amp;w=3840&amp;q=75"
"education_unitedhealthcare-group-medicare-advantage-plans","1","image","UnitedHealthcare Group Medicare Advantage Plans","/_next/image?url=https%3A%2F%2Fcdn.sanity.io%2Fimages%2F41pq407l%2Fproduction%2Ff89ce3586a600d9d7a305d60346caea34c01f528-5552x2928.jpg&amp;w=3840&amp;q=75"
"education_unitedhealthcare-group-medicare-advantage-plans","2","image","iHealth Plans","/_next/image?url=https%3A%2F%2Fcdn.sanity.io%2Fimages%2F41pq407l%2Fproduction%2F933440a30a9dfefb51a402c290db1c864229d0b4-263x265.png&amp;w=3840&amp;q=75"
"education_unitedhealthcare-group-medicare-advantage-plans","3","image","Medicare and Vision Coverage","/_next/image?url=https%3A%2F%2Fcdn.sanity.io%2Fimages%2F41pq407l%2Fproduction%2Fdc0462cb0254f05d336c9dd89d54c547e9a2eee1-6720x4480.jpg&amp;w=3840&amp;q=75"
"education_unitedhealthcare-group-medicare-advantage-plans","4","image","Aetna Medicare Plans and Benefits","/_next/image?url=https%3A%2F%2Fcdn.sanity.io%2Fimages%2F41pq407l%2Fproduction%2F1c7ff99109dffebf638fcb4821b252ec90692c48-4800x3200.jpg&amp;w=3840&amp;q=75"
"education_unitedhealthcare-group-medicare-advantage-plans","5","image"," Eligibility Criteria for Medicare Savings Programs","/_next/image?url=https%3A%2F%2Fcdn.sanity.io%2Fimages%2F41pq407l%2Fproduction%2Fa93de6b90953ff332b50a85f8120805a61dfbff5-6720x4480.jpg&amp;w=3840&amp;q=75"
"education_unitedhealthcare-group-medicare-advantage","1","image","UnitedHealthcare Group Medicare Advantage","/_next/image?url=https%3A%2F%2Fcdn.sanity.io%2Fimages%2F41pq407l%2Fproduction%2F26083d0eda1ed3e4da620c748e74b36cf1a2e314-4936x3296.jpg&amp;w=3840&amp;q=75"
"education_unitedhealthcare-group-medicare-advantage","2","image","iHealth Plans","/_next/image?url=https%3A%2F%2Fcdn.sanity.io%2Fimages%2F41pq407l%2Fproduction%2F933440a30a9dfefb51a402c290db1c864229d0b4-263x265.png&amp;w=3840&amp;q=75"
"education_unitedhealthcare-group-medicare-advantage","3","image","Medicare and Vision Coverage","/_next/image?url=https%3A%2F%2Fcdn.sanity.io%2Fimages%2F41pq407l%2Fproduction%2Fdc0462cb0254f05d336c9dd89d54c547e9a2eee1-6720x4480.jpg&amp;w=3840&amp;q=75"
"education_unitedhealthcare-group-medicare-advantage","4","image","Aetna Medicare Plans and Benefits","/_next/image?url=https%3A%2F%2Fcdn.sanity.io%2Fimages%2F41pq407l%2Fproduction%2F1c7ff99109dffebf638fcb4821b252ec90692c48-4800x3200.jpg&amp;w=3840&amp;q=75"
"education_unitedhealthcare-group-medicare-advantage","5","image"," Eligibility Criteria for Medicare Savings Programs","/_next/image?url=https%3A%2F%2Fcdn.sanity.io%2Fimages%2F41pq407l%2Fproduction%2Fa93de6b90953ff332b50a85f8120805a61dfbff5-6720x4480.jpg&amp;w=3840&amp;q=75"
"education_unitedhealthcare-medicare-advantage-options","1","image","UnitedHealthcare Medicare Advantage Options","/_next/image?url=https%3A%2F%2Fcdn.sanity.io%2Fimages%2F41pq407l%2Fproduction%2F54ad991604e6b788fdf37496208d64c49045da92-6720x4480.jpg&amp;w=3840&amp;q=75"
"education_unitedhealthcare-medicare-advantage-options","2","image","iHealth Plans","/_next/image?url=https%3A%2F%2Fcdn.sanity.io%2Fimages%2F41pq407l%2Fproduction%2F933440a30a9dfefb51a402c290db1c864229d0b4-263x265.png&amp;w=3840&amp;q=75"
"education_unitedhealthcare-medicare-advantage-options","3","image","Medicare and Vision Coverage","/_next/image?url=https%3A%2F%2Fcdn.sanity.io%2Fimages%2F41pq407l%2Fproduction%2Fdc0462cb0254f05d336c9dd89d54c547e9a2eee1-6720x4480.jpg&amp;w=3840&amp;q=75"
"education_unitedhealthcare-medicare-advantage-options","4","image","Aetna Medicare Plans and Benefits","/_next/image?url=https%3A%2F%2Fcdn.sanity.io%2Fimages%2F41pq407l%2Fproduction%2F1c7ff99109dffebf638fcb4821b252ec90692c48-4800x3200.jpg&amp;w=3840&amp;q=75"
"education_unitedhealthcare-medicare-advantage-options","5","image"," Eligibility Criteria for Medicare Savings Programs","/_next/image?url=https%3A%2F%2Fcdn.sanity.io%2Fimages%2F41pq407l%2Fproduction%2Fa93de6b90953ff332b50a85f8120805a61dfbff5-6720x4480.jpg&amp;w=3840&amp;q=75"
"education_unitedhealthcare-medicare-advantage-plans-overview","1","image","UnitedHealthcare Medicare Advantage Plans Overview","/_next/image?url=https%3A%2F%2Fcdn.sanity.io%2Fimages%2F41pq407l%2Fproduction%2Fd8831e86752148e35c16ebe07db524565e86a66f-6000x3375.jpg&amp;w=3840&amp;q=75"
"education_unitedhealthcare-medicare-advantage-plans-overview","2","image","iHealth Plans","/_next/image?url=https%3A%2F%2Fcdn.sanity.io%2Fimages%2F41pq407l%2Fproduction%2F933440a30a9dfefb51a402c290db1c864229d0b4-263x265.png&amp;w=3840&amp;q=75"
"education_unitedhealthcare-medicare-advantage-plans-overview","3","image","Medicare and Vision Coverage","/_next/image?url=https%3A%2F%2Fcdn.sanity.io%2Fimages%2F41pq407l%2Fproduction%2Fdc0462cb0254f05d336c9dd89d54c547e9a2eee1-6720x4480.jpg&amp;w=3840&amp;q=75"
"education_unitedhealthcare-medicare-advantage-plans-overview","4","image","Aetna Medicare Plans and Benefits","/_next/image?url=https%3A%2F%2Fcdn.sanity.io%2Fimages%2F41pq407l%2Fproduction%2F1c7ff99109dffebf638fcb4821b252ec90692c48-4800x3200.jpg&amp;w=3840&amp;q=75"
"education_unitedhealthcare-medicare-advantage-plans-overview","5","image"," Eligibility Criteria for Medicare Savings Programs","/_next/image?url=https%3A%2F%2Fcdn.sanity.io%2Fimages%2F41pq407l%2Fproduction%2Fa93de6b90953ff332b50a85f8120805a61dfbff5-6720x4480.jpg&amp;w=3840&amp;q=75"
"education_unitedhealthcare-medicare-plans-overview","1","image","UnitedHealthcare Medicare Plans Overview","/_next/image?url=https%3A%2F%2Fcdn.sanity.io%2Fimages%2F41pq407l%2Fproduction%2F12c5977a3ae73717922131a47c715d579be9a15a-7422x5283.jpg&amp;w=3840&amp;q=75"
"education_unitedhealthcare-medicare-plans-overview","2","image","iHealth Plans","/_next/image?url=https%3A%2F%2Fcdn.sanity.io%2Fimages%2F41pq407l%2Fproduction%2F933440a30a9dfefb51a402c290db1c864229d0b4-263x265.png&amp;w=3840&amp;q=75"
"education_unitedhealthcare-medicare-plans-overview","3","image","Medicare and Vision Coverage","/_next/image?url=https%3A%2F%2Fcdn.sanity.io%2Fimages%2F41pq407l%2Fproduction%2Fdc0462cb0254f05d336c9dd89d54c547e9a2eee1-6720x4480.jpg&amp;w=3840&amp;q=75"
"education_unitedhealthcare-medicare-plans-overview","4","image","Aetna Medicare Plans and Benefits","/_next/image?url=https%3A%2F%2Fcdn.sanity.io%2Fimages%2F41pq407l%2Fproduction%2F1c7ff99109dffebf638fcb4821b252ec90692c48-4800x3200.jpg&amp;w=3840&amp;q=75"
"education_unitedhealthcare-medicare-plans-overview","5","image"," Eligibility Criteria for Medicare Savings Programs","/_next/image?url=https%3A%2F%2Fcdn.sanity.io%2Fimages%2F41pq407l%2Fproduction%2Fa93de6b90953ff332b50a85f8120805a61dfbff5-6720x4480.jpg&amp;w=3840&amp;q=75"
"education_unitedhealthcare-medicare-plans","1","image","UnitedHealthcare Medicare Plans","/_next/image?url=https%3A%2F%2Fcdn.sanity.io%2Fimages%2F41pq407l%2Fproduction%2Fdc0462cb0254f05d336c9dd89d54c547e9a2eee1-6720x4480.jpg&amp;w=3840&amp;q=75"
"education_unitedhealthcare-medicare-plans","2","image","iHealth Plans","/_next/image?url=https%3A%2F%2Fcdn.sanity.io%2Fimages%2F41pq407l%2Fproduction%2F933440a30a9dfefb51a402c290db1c864229d0b4-263x265.png&amp;w=3840&amp;q=75"
"education_unitedhealthcare-medicare-plans","3","image","Medicare and Vision Coverage","/_next/image?url=https%3A%2F%2Fcdn.sanity.io%2Fimages%2F41pq407l%2Fproduction%2Fdc0462cb0254f05d336c9dd89d54c547e9a2eee1-6720x4480.jpg&amp;w=3840&amp;q=75"
"education_unitedhealthcare-medicare-plans","4","image","Aetna Medicare Plans and Benefits","/_next/image?url=https%3A%2F%2Fcdn.sanity.io%2Fimages%2F41pq407l%2Fproduction%2F1c7ff99109dffebf638fcb4821b252ec90692c48-4800x3200.jpg&amp;w=3840&amp;q=75"
"education_unitedhealthcare-medicare-plans","5","image"," Eligibility Criteria for Medicare Savings Programs","/_next/image?url=https%3A%2F%2Fcdn.sanity.io%2Fimages%2F41pq407l%2Fproduction%2Fa93de6b90953ff332b50a85f8120805a61dfbff5-6720x4480.jpg&amp;w=3840&amp;q=75"
"education_varying-medicare-health-plans","1","image","Varying Medicare Health Plans","/_next/image?url=https%3A%2F%2Fcdn.sanity.io%2Fimages%2F41pq407l%2Fproduction%2F580f7589e2ee563295f43eaa433178291bb3d628-8192x5464.jpg&amp;w=3840&amp;q=75"
"education_varying-medicare-health-plans","2","image","iHealth Plans","/_next/image?url=https%3A%2F%2Fcdn.sanity.io%2Fimages%2F41pq407l%2Fproduction%2F933440a30a9dfefb51a402c290db1c864229d0b4-263x265.png&amp;w=3840&amp;q=75"
"education_varying-medicare-health-plans","3","image","Medicare and Vision Coverage","/_next/image?url=https%3A%2F%2Fcdn.sanity.io%2Fimages%2F41pq407l%2Fproduction%2Fdc0462cb0254f05d336c9dd89d54c547e9a2eee1-6720x4480.jpg&amp;w=3840&amp;q=75"
"education_varying-medicare-health-plans","4","image","Aetna Medicare Plans and Benefits","/_next/image?url=https%3A%2F%2Fcdn.sanity.io%2Fimages%2F41pq407l%2Fproduction%2F1c7ff99109dffebf638fcb4821b252ec90692c48-4800x3200.jpg&amp;w=3840&amp;q=75"
"education_varying-medicare-health-plans","5","image"," Eligibility Criteria for Medicare Savings Programs","/_next/image?url=https%3A%2F%2Fcdn.sanity.io%2Fimages%2F41pq407l%2Fproduction%2Fa93de6b90953ff332b50a85f8120805a61dfbff5-6720x4480.jpg&amp;w=3840&amp;q=75"
"education_wellness-programs-and-additional-benefits-enhancing-healthcare-experience","1","image","Wellness Programs and Additional Benefits: Enhancing Healthcare Experience","/_next/image?url=https%3A%2F%2Fcdn.sanity.io%2Fimages%2F41pq407l%2Fproduction%2Fbcf7ede96292590f46bdf2ef20c96c07695d624e-8640x5760.jpg&amp;w=3840&amp;q=75"
"education_wellness-programs-and-additional-benefits-enhancing-healthcare-experience","2","image","iHealth Plans","/_next/image?url=https%3A%2F%2Fcdn.sanity.io%2Fimages%2F41pq407l%2Fproduction%2F933440a30a9dfefb51a402c290db1c864229d0b4-263x265.png&amp;w=3840&amp;q=75"
"education_wellness-programs-and-additional-benefits-enhancing-healthcare-experience","3","image","Medicare and Vision Coverage","/_next/image?url=https%3A%2F%2Fcdn.sanity.io%2Fimages%2F41pq407l%2Fproduction%2Fdc0462cb0254f05d336c9dd89d54c547e9a2eee1-6720x4480.jpg&amp;w=3840&amp;q=75"
"education_wellness-programs-and-additional-benefits-enhancing-healthcare-experience","4","image","Aetna Medicare Plans and Benefits","/_next/image?url=https%3A%2F%2Fcdn.sanity.io%2Fimages%2F41pq407l%2Fproduction%2F1c7ff99109dffebf638fcb4821b252ec90692c48-4800x3200.jpg&amp;w=3840&amp;q=75"
"education_wellness-programs-and-additional-benefits-enhancing-healthcare-experience","5","image"," Eligibility Criteria for Medicare Savings Programs","/_next/image?url=https%3A%2F%2Fcdn.sanity.io%2Fimages%2F41pq407l%2Fproduction%2Fa93de6b90953ff332b50a85f8120805a61dfbff5-6720x4480.jpg&amp;w=3840&amp;q=75"
